Precinct No.,Precinct Name,Active,Inactive
0101,101 - CHINCOTEAGUE,2362,271
0201,201 - ATLANTIC,1101,60
0202,202 - GREENBACKVILLE,1384,145
0301,301 - OAK HALL,2467,179
0401,401 - BLOXOM,808,39
0402,402 - PARKSLEY,1153,40
0501,501 - MAPPSVILLE,1069,45
0502,502 - RUE,1029,42
0601,601 - ACCOMAC,1890,128
0602,602 - TANGIER,399,9
0701,701 - ONANCOCK,1846,191
0702,702 - ONLEY,898,40
0801,801 - BOBTOWN,895,26
0802,802 - MELFA,1285,54
0803,803 - WACHAPREAGUE,739,16
0901,901 - PAINTER,2692,109
403,403 - SAXIS,358,15
# of Precincts in the Locality:,,22375,1409
0101,101 - WOODBROOK,2724,263
0103,103 - BRANCHLANDS,1124,322
0104,104 - AGNOR-HURT,2255,498
0105,105 - DUNLORA,2195,329
0106,106 - NORTHSIDE,2885,257
0201,201 - JACK JOUETT,2108,439
0202,202 - UNIVERSITY HALL,3272,1680
0203,203 - GEORGETOWN,2400,1003
0204,204 - BELFIELD,1205,108
0301,301 - IVY,3773,317
0302,302 - RED HILL,2663,196
0304,304 - EAST IVY,996,103
0305,305 - COUNTRY GREEN,2035,255
0306,306 - PORTERS,1391,124
0307,307 - YELLOW MOUNTAIN,676,38
0401,401 - SCOTTSVILLE,1498,127
0402,402 - MONTICELLO,1435,137
0405,405 - CALE,4170,1185
0406,406 - STONE ROBINSON,2731,194
0501,501 - KESWICK,1346,143
0502,502 - STONY POINT,1457,124
0503,503 - HOLLYMEAD,2389,363
0504,504 - FREE BRIDGE,3364,530
0506,506 - BAKER-BUTLER,2787,315
0601,601 - CROZET,3797,359
0602,602 - FREE UNION,1334,115
0603,603 - EARLYSVILLE,2901,246
0604,604 - BROWNSVILLE,3648,314
# of Precincts in the Locality:,,64559,10084
0101,101 - ARRITT,1019,57
0103,103 - DAMERON,360,29
0201,201 - HUMPBACK BRIDGE,579,37
0202,202 - DOLLY ANN,802,67
0301,301 - CALLAGHAN,576,19
0302,302 - GRIFFITH,999,50
0401,401 - LOW MOOR,708,55
0402,402 - JACKSON HEIGHTS,894,27
0501,501 - IRON GATE,418,12
0502,502 - PETERS SWITCH,1027,52
0601,601 - DISTRICT 1,1399,101
0701,701 - DISTRICT 2,1227,146
# of Precincts in the Locality:,,10008,652
0101,101 - NUMBER ONE,1578,107
0201,201 - NUMBER TWO,1598,82
0301,301 - NUMBER THREE,1737,60
0401,401 - NUMBER FOUR,1713,77
0501,501 - NUMBER FIVE,1832,70
# of Precincts in the Locality:,,8458,396
0101,101 - WRIGHT SHOP,1414,55
0102,102 - NEW GLASGOW,1730,96
0103,103 - COOLWELL,828,50
0201,201 - COURT HOUSE,2953,135
0202,202 - TEMPERANCE,1078,44
0301,301 - MONROE,1124,71
0302,302 - ELON,2541,118
0303,303 - PLEASANT VIEW,633,17
0401,401 - AMELON,3055,161
0402,402 - LONCO,821,60
0501,501 - MADISON,3201,205
# of Precincts in the Locality:,,19378,1012
0101,101 - VERA,701,65
0102,102 - PAMPLIN,1332,114
0201,201 - CHAP,541,57
0202,202 - SPOUT SPRING,1513,111
0301,301 - US  460,898,80
0302,302 - STONEWALL,1065,77
0401,401 - COURTHOUSE,1842,205
0501,501 - OAKVILLE,1387,59
0502,502 - AGEE,564,50
# of Precincts in the Locality:,,9843,818
0001,001 - ARLINGTON,2302,459
0002,002 - ASHTON HEIGHTS,3028,591
0003,003 - AURORA HILLS,1922,204
0004,004 - BALLSTON,2670,564
0005,005 - BARCROFT,2242,283
0006,006 - CRYSTAL CITY,2278,900
0007,007 - CHERRYDALE,2862,332
0008,008 - HUME,3631,885
0009,009 - COLUMBIA,3367,474
0010,010 - WILSON,3487,984
0011,011 - EAST FALLS CHURCH,2009,203
0012,012 - FAIRLINGTON,2582,417
0013,013 - GLEN CARLYN,1906,223
0014,014 - CLARENDON,2397,580
0015,015 - LYON PARK,2810,831
0016,016 - LYON VILLAGE,2997,615
0017,017 - OVERLEE KNOLLS,3098,313
0018,018 - PARK LANE,4478,1325
0019,019 - ROSSLYN,3890,1110
0020,020 - THRIFTON,2879,200
0021,021 - VIRGINIA HIGHLANDS,4006,880
0022,022 - ABINGDON,2933,574
0023,023 - WESTOVER,2695,407
0024,024 - WOODLAWN,3513,431
0025,025 - ARLINGTON FOREST,2140,239
0026,026 - FILLMORE,3708,811
0027,027 - JEFFERSON,2852,371
0028,028 - CLAREMONT,3477,521
0029,029 - DOMINION HILLS,2724,195
0030,030 - GLEBE,3083,319
0031,031 - LEXINGTON,2804,214
0032,032 - OAKRIDGE,1342,329
0033,033 - ROCK SPRING,2922,195
0034,034 - YORKTOWN,2529,208
0035,035 - MADISON,3195,166
0036,036 - MARSHALL,3247,287
0037,037 - NOTTINGHAM,2458,154
0038,038 - ARLINGTON VIEW,2726,657
0039,039 - ASHLAWN,1644,168
0040,040 - VIRGINIA SQUARE,3047,722
0041,041 - WOODBURY,3157,1039
0042,042 - SHIRLINGTON,2535,653
0043,043 - ARLINGTON MILL,2239,369
0044,044 - DAWSON TERRACE,2293,606
0045,045 - BUCKINGHAM,2406,426
0046,046 - CENTRAL,3437,1191
0047,047 - FOUR MILE RUN,2178,305
0048,048 - COURTLANDS,2730,565
0049,049 - MONROE,1663,345
0050,050 - CRYSTAL PLAZA,2733,1041
0051,051 - TAYLOR,710,139
0052,052 - GUNSTON,2268,811
# of Precincts in the Locality:,,142229,26831
0101,101 - JOLIVUE,1179,112
0102,102 - STUARTS DRAFT ELEMENTARY,1440,184
0103,103 - VERONA,2408,200
0201,201 - CRIMORA,2586,197
0202,202 - NEW HOPE,1382,65
0203,203 - WEYERS CAVE,2131,155
0301,301 - FORT DEFIANCE,3505,215
0302,302 - NORTH RIVER,863,44
0303,303 - MOUNT SOLON,1195,53
0304,304 - CHURCHVILLE FIRE STATION,1045,38
0401,401 - BUFFALO GAP,1255,75
0402,402 - CHURCHVILLE ELEMENTARY,1223,48
0403,403 - CRAIGSVILLE,948,88
0404,404 - DEERFIELD,406,19
0405,405 - CEDAR GREEN,1585,67
0501,501 - GREENVILLE,1914,82
0502,502 - MIDDLEBROOK,1054,45
0503,503 - SPOTTSWOOD,1058,73
0504,504 - WHITE HILL,2209,188
0601,601 - SHERANDO,1482,91
0602,602 - STUARTS DRAFT RESCUE,3329,181
0603,603 - LYNDHURST,2195,82
0801,801 - DOOMS,1637,107
0802,802 - FISHERSVILLE,2872,184
0803,803 - WILSON,2197,201
# of Precincts in the Locality:,,43098,2794
0101,101 - WARM SPRINGS,597,11
0102,102 - MOUNTAIN GROVE,89,8
0201,201 - HOT SPRINGS,565,40
0301,301 - FAIRVIEW,478,17
0302,302 - BURNSVILLE,173,10
0401,401 - MILLBORO,692,28
0501,501 - HEALING SPRINGS,629,30
# of Precincts in the Locality:,,3223,144
0101,101 - GOODVIEW ELEM SCHOOL,3814,275
0102,102 - HARDY VOL FIRE CO,957,64
0103,103 - CHAMBLISSBURG FIRST AID BLDG,1255,81
0202,202 - STAUNTON RIVER HIGH SCHOOL,1382,110
0203,203 - MONETA ELEM SCHOOL,2977,216
0204,204 - BODY CAMP ELEM SCHOOL,473,31
0205,205 - SAUNDERS VOL FIRE CO,1680,148
0301,301 - NEW LONDON ACADEMY,3164,199
0302,302 - BEDFORD COUNTY PSA,890,77
0303,303 - BETHESDA METHODIST CHURCH,863,40
0304,304 - FOREST YOUTH ATHLETIC ASSOC,975,81
0305,305 - HUDDLESTON ELEM SCHOOL,833,42
0401,401 - FOREST LIBRARY,1641,126
0402,402 - THOMAS JEFFERSON ELEM SCHOOL,3536,241
0403,403 - KNIGHTS OF COLUMBUS BLDG,2457,228
0502,502 - BIG ISLAND ELEM SCHOOL,647,49
0503,503 - SEDALIA CENTER,759,24
0504,504 - SUCK SPRINGS BAPTIST CHURCH,391,13
0505,505 - BOONSBORO ELEMENTARY SCHOOL,2091,198
0506,506 - BOONSBORO RURITAN CLUB,2811,197
0507,507 - PLEASANT VIEW BAPTIST CHURCH,200,23
0601,601 - MONTVALE ELEM SCHOOL,1556,86
0602,602 - SHADY GROVE BAPTIST CHURCH,1753,104
0603,603 - THAXTON ELEM SCHOOL,1365,72
0604,604 - FLINT HILL COMMUNITY CENTER,1364,76
0701,701 - GOODE VOL RESCUE SQUAD,2049,94
0702,702 - LIBERTY HIGH SCHOOL,1950,113
0703,703 - BEDFORD CHRISTIAN CHURCH,2068,130
0704,704 - FOREST ELEM SCHOOL,304,32
# of Precincts in the Locality:,,46205,3170
0101,101 - BASTIAN,573,30
0102,102 - CERES,563,23
0201,201 - DAVIS,197,7
0202,202 - SEDDON,1044,51
0301,301 - HOLLYBROOK,565,19
0302,302 - MECHANICSBURG,262,12
0401,401 - ROCKY GAP,1288,47
# of Precincts in the Locality:,,4492,189
0101,101 - AMSTERDAM,2190,179
0102,102 - ASBURY,2433,102
0201,201 - BLUE RIDGE,2404,113
0202,202 - RAINBOW FOREST,2431,100
0301,301 - BUCHANAN,1503,79
0302,302 - MILL CREEK,1301,84
0303,303 - ROARING RUN,438,15
0304,304 - SPRINGWOOD,1005,43
0402,402 - COURTHOUSE,1245,82
0403,403 - EAGLE ROCK,799,29
0404,404 - GLEN WILTON,600,26
0405,405 - ORISKANY,71,6
0406,406 - TOWN HALL,1510,72
0501,501 - COYNER SPRINGS,1146,78
0502,502 - CLOVERDALE,2572,179
0503,503 - TROUTVILLE,833,50
# of Precincts in the Locality:,,22481,1237
0101,101 - BRODNAX,523,33
0102,102 - ROCK STORE,834,54
0103,103 - TILLMAN,900,61
0201,201 - DROMGOOLE,313,15
0202,202 - EDGERTON,1062,62
0203,203 - FITZHUGH,762,44
0301,301 - ALBERTA,221,25
0302,302 - DANIELTOWN,946,53
0303,303 - ELMORE,425,33
0304,304 - SEYMOUR,437,61
0401,401 - STURGEON,1638,79
0402,402 - KING'S STORE,517,38
0501,501 - LAWRENCEVILLE,1977,161
# of Precincts in the Locality:,,10555,719
0102,102 - BLACKEY,716,34
0103,103 - HURLEY,1861,100
0201,201 - GRASSY,189,6
0202,202 - BULL,949,16
0203,203 - ROCKLICK,1214,30
0301,301 - SLATE,1246,33
0302,302 - NORTH GRUNDY,1209,50
0403,403 - SOUTH GRUNDY,1558,97
0404,404 - OAKWOOD,163,7
0501,501 - PRATER,948,33
0502,502 - FOX,318,20
0503,503 - VANSANT,913,36
0601,601 - COUNCIL,626,42
0602,602 - GARDEN,980,33
0603,603 - HURRICANE,620,19
0701,701 - WHITEWOOD,1457,83
0702,702 - CONTRARY,904,50
# of Precincts in the Locality:,,15871,689
0101,101 - NEW CANTON,1337,95
0102,102  - GEORGIA CREEK,285,15
0201,201 - WHITE HALL,887,50
0301,301 - CURDSVILLE,937,66
0302,302 - NEW STORE,658,47
0401,401 - MAYSVILLE,1561,103
0501,501 - WRIGHTS,657,46
0502,502 - GLENMORE,903,85
0601,601 - SLATE RIVER,1457,101
0701,701 - GOLD HILL,974,46
# of Precincts in the Locality:,,9656,654
0101,101 - BROOKVILLE,2809,186
0102,102 - NEW LONDON,2515,213
0201,201 - WALKER,2227,299
0202,202 - BEDFORD SPRINGS,2737,168
0301,301 - EVINGTON,1018,50
0302,302 - OTTER RIVER,995,48
0303,303 - ALTAVISTA,2799,156
0401,401 - THREE FORKS,1624,56
0402,402 - COURT HOUSE,3140,179
0501,501 - SPRING HILL,2932,271
0502,502 - YELLOW BRANCH,1784,116
0601,601 - KINGS,2066,154
0602,602 - CONCORD,2658,144
0701,701 - BROOKNEAL,1692,98
0702,702 - GLADYS,2224,96
0703,703 - MORRIS CHURCH,858,39
# of Precincts in the Locality:,,34078,2273
0101,101 - BOWLING GREEN,1635,119
0102,102 - SPARTA,1317,88
0201,201 - NORTH MADISON,1211,128
0202,202 - SOUTH MADISON,1660,199
0301,301 - PORT ROYAL,817,87
0302,302 - WOODFORD,1977,171
0401,401 - DAWN,2350,149
0402,402 - CARMEL CHURCH,733,55
0501,501 - WEST MATTAPONI,1554,145
0502,502 - MILFORD,1390,110
0601,601 - CHILESBURG,1599,225
0602,602 - LAKE,1108,182
# of Precincts in the Locality:,,17351,1658
0101,101 - MT BETHEL,890,61
0102,102 - ST PAUL,1141,68
0103,103 - LAMBSBURG,681,66
0105,105 - FANCY GAP,802,68
0201,201 - HILLSVILLE B,2090,124
0202,202 - LAUREL FORK,701,32
0203,203 - GLADESBORO,1009,59
0301,301 - HILLSVILLE C,2363,163
0302,302 - SYLVATUS,766,46
0303,303 - DUGSPUR,429,23
0402,402 - WOODLAWN D,1599,99
0403,403 - OAKLAND D,877,59
0405,405 - OAKLAND A,743,27
0406,406 - WOODLAWN F,288,24
0501,501 - VAUGHAN,581,40
0502,502 - GLADEVILLE,1379,91
0503,503 - WOODLAWN E,763,43
0504,504 - LAUREL,794,41
# of Precincts in the Locality:,,17896,1134
0101,101 - PRECINCT 1-1,1759,58
0201,201 - PRECINCT 2-1,1689,35
0301,301 - PRECINCT 3-1,1841,47
# of Precincts in the Locality:,,5289,140
0101,101 - COUNTY SEAT,1240,76
0201,201 - RED OAK WYLLIESBURG,1184,66
0302,302 - DRAKES BRANCH,989,69
0401,401 - KEYSVILLE,1188,81
0501,501 - CULLEN,630,41
0503,503 - RED HOUSE,501,45
0602,602 - PHENIX,1170,55
0701,701 - BACON,574,44
0702,702 - SAXE,533,27
# of Precincts in the Locality:,,8009,504
0101,101 - BELLWOOD,1905,158
0102,102 - SOUTH CHESTER,3266,458
0103,103 - ENON,3297,240
0104,104 - NORTH CHESTER,3263,210
0105,105 - DREWRYS BLUFF,2777,367
0106,106 - HARROWGATE,4400,394
0107,107 - WELLS,3012,297
0108,108 - ECOFF,4141,349
0109,109 - ELIZABETH SCOTT,4294,432
0110,110 - DUTCH GAP,1936,104
0111,111 - IRON BRIDGE,4786,441
0112,112 - CARVER,2607,250
0201,201 - GATES,2538,297
0202,202 - BEULAH,3195,189
0203,203 - BIRD,2332,167
0204,204 - JACOBS,1911,111
0205,205 - FALLING CREEK,3568,256
0206,206 - BELMONT,1783,285
0207,207 - CHIPPENHAM,1179,226
0208,208 - MEADOWBROOK,2982,199
0209,209 - SALEM CHURCH,3771,258
0210,210 - FIVE FORKS,3455,216
0211,211 - NASH,3804,292
0212,212 - ST. LUKE'S,1760,183
0213,213 - SOUTHSIDE,4362,317
0214,214 - HOPKINS,629,224
0301,301 - ETTRICK,5359,509
0302,302 - DEER RUN,1295,106
0303,303 - MATOACA,3867,193
0304,304 - WINFREES STORE,3573,162
0305,305 - BEACH,2294,110
0306,306 - WINTERPOCK,3451,140
0307,307 - COSBY,3513,447
0308,308 - SOUTH MANCHESTER,1097,245
0309,309 - SKINQUARTER,3360,160
0310,310 - TOMAHAWK,3193,235
0313,313 - WOOLRIDGE,3759,293
0315,315 - BAILEY BRIDGE,3068,141
0316,316 - SPRING RUN,3077,215
0317,317 - BIRKDALE,3061,174
0401,401 - HARBOUR POINTE,1982,235
0402,402 - GENITO,4846,529
0403,403 - BRANDERMILL,3250,324
0404,404 - PROVIDENCE,2887,172
0405,405 - LA PRADE,3031,213
0406,406 - SMOKETREE,2571,139
0407,407 - MONACAN,1628,72
0408,408 - REAMS,3937,253
0409,409 - MANCHESTER,1508,79
0410,410 - WAGSTAFF,1785,111
0411,411 - SWIFT CREEK,3000,276
0413,413 - SHENANDOAH,2711,198
0414,414 - CRENSHAW,4455,427
0415,415 - EVERGREEN,3082,240
0416,416 - EVERGREEN WEST,1285,189
0417,417 - EDGEWATER,988,67
0501,501 - HUGUENOT,2344,128
0502,502 - CRESTWOOD,1581,56
0503,503 - MIDLOTHIAN,5703,352
0504,504 - ROBIOUS,4114,177
0505,505 - BON AIR,3024,143
0506,506 - GREENFIELD,3091,222
0507,507 - SALISBURY,3903,172
0508,508 - BELGRADE,3296,384
0509,509 - CRANBECK,1737,194
0510,510 - SYCAMORE,3178,182
0511,511 - BLACK HEATH,2047,86
0513,513 - BEAUFONT,1508,314
0514,514 - WATKINS,3574,243
0515,515 - DAVIS,2669,229
0516,516 - POCOSHOCK,1695,171
0517,517 - ROSELAND,364,8
# of Precincts in the Locality:,,207694,16635
0101,101 - RUSSELL,2045,110
0201,201 - BERRYVILLE,1777,155
0301,301 - MILLWOOD,1356,89
0302,302 - PINE GROVE,627,27
0401,401 - WHITE POST,1907,169
0501,501 - BUCKMARSH,1420,73
0502,502 - BLUE RIDGE,480,38
# of Precincts in the Locality:,,9612,661
0101,101 - COURT HOUSE,690,47
0201,201 - AMMENDALE PRECINCT,677,26
0202,202 - NORTH MOUNTAIN,118,6
0301,301 - GIVENS & REYNOLDS STORE,409,37
0302,302 - MCGUIRES STORE,184,8
0303,303 - MARSHALLS STORE,157,7
0401,401 - BARBOURS CREEK,246,7
0402,402 - PAINT BANK,77,2
0403,403 - CRAIG SPRINGS,308,11
0404,404 - FORKS OF JOHNS CREEK,94,9
0501,501 - CRAIG CITY,697,35
# of Precincts in the Locality:,,3657,195
0101,101 - WEST FAIRFAX,3637,373
0201,201 - EAST FAIRFAX,3099,493
0302,302 - EGGBORNSVILLE,1581,131
0303,303 - CARDOVA,1471,123
0304,304 - WILLOW SHADE,738,122
0401,401 - ELDORADO,1803,129
0402,402 - BROWNS STORE,2780,168
0501,501 - JEFFERSONTON,2442,190
0502,502 - RIXEYVILLE,2098,156
0601,601 - MITCHELLS,382,29
0602,602 - PEARL SAMPLE,2276,172
0603,603 - SOUTH RIDGE,885,192
0702,702 - BRANDY STATION,2244,158
0703,703 - LIGNUM,1219,91
0704,704 - RICHARDSVILLE,549,34
# of Precincts in the Locality:,,27204,2561
0101,101 - PRECINCT 1,1296,111
0201,201 - PRECINCT 2,1311,101
0301,301 - ELECTION DISTRICT 3 PRECINCT,1300,94
0401,401 - PRECINCT 4,1286,86
0501,501 - PRECINCT 5,1209,152
# of Precincts in the Locality:,,6402,544
0101,101 - SOUTH CLINTWOOD,2267,174
0201,201 - NORA,792,57
0202,202 - FRYING PAN,288,14
0203,203 - CLINCHCO,1003,60
0301,301 - WEST DANTE,289,29
0302,302 - HERALD,562,45
0303,303 - RIDGE,665,69
0304,304 - LONGS FORK,551,36
0401,401 - COLLEY,1062,51
0402,402 - HAYSI,996,98
0501,501 - TARPON,518,51
0502,502 - ARTRIP,657,31
0503,503 - NORTH CLINTWOOD,966,71
# of Precincts in the Locality:,,10616,786
0101,101 - WHITE OAK,691,27
0102,102 - ROCKY RUN,1174,87
0103,103 - CHURCH ROAD,1647,100
0201,201 - ROHOIC,949,69
0202,202 - SUTHERLAND,2525,196
0301,301 - REAMS,669,44
0302,302 - NEW HOPE,1202,94
0303,303 - LITTLE ZION,1834,93
0401,401 - DINWIDDIE,1875,94
0402,402 - MCKENNEY,1050,100
0403,403 - CHERRY HILL,736,48
0501,501 - EDGEHILL,456,89
0502,502 - CHESDIN,2605,220
# of Precincts in the Locality:,,17413,1261
0101,101 - GREATER TAPPAHANNOCK,1682,160
0201,201 - NORTH,1866,70
0301,301 - SOUTH,1850,78
0401,401 - CENTRAL,1798,103
# of Precincts in the Locality:,,7196,411
0104,104 - CHAPEL,2317,136
0105,105 - FAIRVIEW,4768,376
0106,106 - HERITAGE,3596,823
0108,108 - KINGS PARK,2369,201
0109,109 - LITTLE RUN,3428,163
0110,110 - NORTH SPRINGFIELD,4187,252
0113,113 - CANTERBURY,4178,221
0115,115 - RAVENSWORTH,1653,108
0116,116 - WAKEFIELD,2343,124
0117,117 - WOODSON,2958,184
0118,118 - LAKE BRADDOCK,4034,361
0119,119 - LAUREL,4077,258
0120,120 - SIDEBURN,3200,260
0121,121 - VILLA,2003,104
0123,123 - ROBINSON,4379,312
0125,125 - SIGNAL HILL,3227,252
0126,126 - BONNIE BRAE,2271,261
0127,127 - BURKE CENTRE,4551,355
0128,128 - CARDINAL,2157,312
0129,129 - KEENE MILL,1624,143
0130,130 - TERRA CENTRE,2457,149
0131,131 - EAGLE VIEW,3486,565
0132,132 - MONUMENT,3892,741
0133,133 - DANBURY,638,90
0134,134 - UNIVERSITY,2309,120
0202,202 - FLINT HILL,3095,144
0203,203 - FLORIS,3806,171
0204,204 - MADISON,943,130
0208,208 - RESTON #1,3012,423
0209,209 - RESTON #2,3104,371
0213,213 - VIENNA #1,4063,251
0214,214 - VIENNA #2,3152,173
0216,216 - VIENNA #4,1500,96
0218,218 - VIENNA #6,2206,230
0219,219 - WESTBRIAR,3691,310
0220,220 - DOGWOOD,4005,264
0221,221 - HUNTERS WOODS,2711,160
0222,222 - RESTON #3,2140,219
0223,223 - GLADE,3726,443
0224,224 - SOUTH LAKES,4641,384
0225,225 - TERRASET,3976,425
0226,226 - WOLFTRAP,3496,139
0227,227 - SUNRISE VALLEY,1821,87
0229,229 - FOX MILL,4679,240
0233,233 - NORTH POINT,4860,569
0234,234 - ALDRIN,4782,488
0235,235 - FRYING PAN,2939,259
0236,236 - STUART,1344,84
0237,237 - MCNAIR,3751,587
0238,238 - CAMERON GLEN,3404,466
0240,240 - COLVIN,2419,142
0301,301 - CHAIN BRIDGE,3391,381
0302,302 - CHESTERBROOK,2552,183
0303,303 - CHURCHILL,1496,106
0304,304 - COOPER,2369,247
0305,305 - EL NIDO,2298,125
0306,306 - GREAT FALLS,2110,170
0307,307 - HAYCOCK,2522,151
0309,309 - KENMORE,3809,278
0310,310 - KIRBY,2177,132
0311,311 - LANGLEY,2155,169
0312,312 - LONGFELLOW,2612,195
0314,314 - MCLEAN,2593,154
0315,315 - PIMMIT,3325,414
0316,316 - SALONA #1,964,101
0317,317 - WESTHAMPTON,2273,178
0318,318 - WESTMORELAND,1443,80
0319,319 - HERNDON #1,3806,253
0320,320 - HERNDON #2,4057,288
0321,321 - CLEARVIEW,4328,400
0322,322 - FORESTVILLE,3083,290
0323,323 - SHOUSE,2192,150
0324,324 - HERNDON #3,3659,395
0325,325 - HUTCHISON,2404,361
0327,327 - SUGARLAND,3189,221
0328,328 - HICKORY,3144,273
0329,329 - SENECA,3349,350
0331,331 - SPRING HILL,2291,209
0332,332 - COATES,3005,653
0333,333 - SALONA #2,1703,108
0401,401 - BUSH HILL,3213,242
0402,402 - CAMERON,1030,134
0404,404 - FRANCONIA,3411,489
0405,405 - GROVETON,1729,413
0406,406 - HAYFIELD,2344,248
0408,408 - MOUNT EAGLE,2408,372
0409,409 - PIONEER,5019,466
0410,410 - ROSE HILL,4125,734
0411,411 - VIRGINIA HILLS,2199,230
0413,413 - FAIRFIELD,2274,477
0415,415 - CRESTWOOD,2387,215
0417,417 - GARFIELD,3562,240
0418,418 - LYNBROOK,1920,199
0419,419 - LANE,3325,284
0420,420 - VILLAGES,3832,921
0421,421 - KINGSTOWNE,3794,556
0422,422 - VAN DORN,3716,557
0423,423 - CLERMONT,2497,299
0424,424 - HUNTLEY,2774,195
0426,426 - GREENSPRING,1805,49
0427,427 - ISLAND CREEK,2512,301
0428,428 - PINEWOOD,3077,461
0429,429 - HYBLA VALLEY,3242,806
0501,501 - BAILEYS,3111,412
0502,502 - BARCROFT,1334,97
0503,503 - BELVEDERE,1536,130
0504,504 - BRISTOW,2422,349
0505,505 - GLEN FOREST,2618,368
0506,506 - HOLMES,2375,409
0507,507 - LINCOLNIA,3132,409
0508,508 - MASONVILLE,2748,200
0510,510 - PARKLAWN,2169,103
0511,511 - RAVENWOOD,2360,235
0512,512 - SLEEPY HOLLOW,1384,110
0513,513 - SAINT ALBANS,2429,192
0515,515 - WESTLAWN,1577,64
0516,516 - WEYANOKE,3031,334
0517,517 - WILLSTON,1738,377
0518,518 - COLUMBIA,2702,451
0519,519 - HUMMER,1841,199
0520,520 - SKYLINE,4400,974
0521,521 - BROOK HILL,2160,152
0522,522 - CAMELOT,1446,70
0523,523 - POE,2613,193
0525,525 - WALNUT HILL,3523,300
0526,526 - BREN MAR,3315,439
0527,527 - EDSALL,2058,134
0528,528 - RIDGELEA,1287,49
0601,601 - BELLE HAVEN,2255,142
0602,602 - BELLEVIEW,2432,433
0604,604 - BUCKNELL,4084,538
0605,605 - FORT HUNT,2370,208
0606,606 - HOLLIN HALL,2549,179
0607,607 - HUNTINGTON,4045,682
0608,608 - KIRKSIDE,2075,130
0609,609 - MARLAN,2210,212
0610,610 - SHERWOOD,2327,150
0611,611 - STRATFORD,3001,229
0612,612 - WAYNEWOOD,1321,110
0613,613 - WESTGATE,3970,853
0614,614 - RIVERSIDE,2081,153
0615,615 - WOODLEY,2786,402
0616,616 - GUNSTON,2344,344
0617,617 - LORTON,2248,213
0618,618 - NEWINGTON,4840,433
0619,619 - BELVOIR,2533,707
0621,621 - GROSVENOR,2195,549
0622,622 - LORTON STATION,3289,704
0623,623 - ALBAN,1400,94
0625,625 - LORTON CENTER,2018,156
0626,626 - SARATOGA,4981,421
0627,627 - WOODLAWN,3752,470
0628,628 - LAUREL HILL,3661,275
0629,629 - SOUTH COUNTY,2832,210
0701,701 - BLAKE,4709,618
0703,703 - FORT BUFFALO,1595,212
0704,704 - FREEDOM HILL,2182,111
0705,705 - GRAHAM - GREENWAY,3376,242
0707,707 - MANTUA,2391,128
0708,708 - MARSHALL,4853,764
0709,709 - MOSBY,3330,434
0710,710 - PINE SPRING,2393,289
0711,711 - PRICE,2083,199
0712,712 - SHREVE,1423,83
0713,713 - TIMBER LANE,3086,283
0714,714 - WALKER,3616,328
0717,717 - WOODBURN,1935,358
0718,718 - PINE RIDGE,2427,193
0719,719 - STENWOOD,1035,74
0720,720 - THOREAU,1725,119
0721,721 - MERRIFIELD,3977,624
0726,726 - MAGARITY,3719,627
0727,727 - OAKTON,2614,155
0729,729 - NOTTOWAY,3814,361
0730,730 - PENDERBROOK,3534,386
0731,731 - TYSONS,3092,622
0732,732 - OAK MARR,3777,324
0733,733 - KILMER,4092,270
0734,734 - HUNTERS BRANCH,1822,327
0801,801 - BURKE,4827,355
0802,802 - CEDAR LAKE,1257,327
0803,803 - CLIFTON,4393,139
0804,804 - COLCHESTER,1796,124
0805,805 - FAIRFAX STATION,1646,117
0806,806 - SYDENSTRICKER,3224,285
0807,807 - HUNT VALLEY,2215,126
0811,811 - POHICK,2089,163
0812,812 - VALLEY,2881,209
0815,815 - WOODYARD,2751,159
0824,824 - ORANGE,4084,241
0825,825 - CHERRY RUN,2891,205
0827,827 - IRVING,2491,229
0833,833 - WHITE OAKS,3144,171
0838,838 - SANGSTER,2390,150
0839,839 - SILVERBROOK,3612,166
0840,840 - WEST SPRINGFIELD,3019,236
0841,841 - POPES HEAD,1643,93
0842,842 - PARKWAY,2427,119
0843,843 - FAIR LAKES,3329,392
0844,844 - CENTERPOINTE,2707,806
0845,845 - FOUNTAINHEAD,4055,163
0846,846 - GREENBRIAR EAST,3414,796
0847,847 - GREENBRIAR WEST,2234,468
0848,848 - FAIR OAKS,3263,415
0849,849 - NEWGATE NORTH,1722,152
0850,850 - SOUTH RUN,3049,197
0851,851 - WILLOW SPRINGS,2774,141
0854,854 - NEWGATE SOUTH,3203,225
0901,901 - CENTRE RIDGE,4611,617
0902,902 - BROOKFIELD,3840,484
0903,903 - CUB RUN,3816,527
0904,904 - DULLES,1781,139
0905,905 - FRANKLIN,933,44
0908,908 - KINROSS EAST,2470,138
0909,909 - KINROSS WEST,2273,101
0910,910 - LONDON TOWNE #1,3809,339
0911,911 - NAVY,3501,175
0913,913 - ROCKY RUN,4166,326
0914,914 - VALE,2381,122
0915,915 - VIRGINIA RUN,2828,170
0916,916 - WAPLES MILL,4529,194
0917,917 - STONE NORTH,1916,192
0918,918 - CENTREVILLE,4418,589
0919,919 - GREEN TRAILS,3941,580
0920,920 - CHANTILLY,3013,189
0921,921 - DEER PARK,3319,320
0923,923 - BULL RUN,2200,113
0924,924 - LONDON TOWNE #2,733,138
0925,925 - OLD MILL,1814,198
0926,926 - POWELL,4332,773
0927,927 - LEES CORNER #1,1948,121
0928,928 - POPLAR TREE,2737,161
0929,929 - DIFFICULT RUN,733,36
0930,930 - LEES CORNER #2,2227,123
0931,931 - CARSON,1985,115
0932,932 - STONE SOUTH,1679,331
0933,933 - COMPTON,699,110
# of Precincts in the Locality:,,670532,68741
0101,101 - KETTLE RUN,1117,117
0102,102 - CATLETT,2791,170
0103,103 - CASANOVA,1197,101
0104,104 - LOIS,1144,63
0105,105 - OPAL,1148,89
0106,106 - BALDWIN RIDGE,1487,97
0201,201 - COURTHOUSE,3109,369
0202,202 - AIRLIE,2384,172
0203,203 - WARRENTON,2775,334
0301,301 - MORRISVILLE,1877,143
0302,302 - REMINGTON,2645,264
0303,303 - BEALETON,3129,400
0401,401 - MARSHALL,2497,192
0402,402 - LEEDS,2342,164
0403,403 - WATERLOO,2925,225
0404,404 - SPRINGS VALLEY,1319,107
0501,501 - THE PLAINS,2179,263
0502,502 - NEW BALTIMORE,2307,188
0503,503 - BROAD RUN,2147,143
0504,504 - VINT HILL,2970,204
# of Precincts in the Locality:,,43489,3805
0101,101 - LOCUST GROVE,2004,112
0201,201 - LITTLE RIVER,2150,107
0301,301 - COURTHOUSE,1941,109
0401,401 - BURKS FORK,1872,103
0501,501 - INDIAN VALLEY,1987,101
# of Precincts in the Locality:,,9954,532
0101,101 - PALMYRA,3518,358
0201,201 - COLUMBIA,2491,166
0301,301 - FORK UNION,2823,212
0401,401 - CUNNINGHAM,3427,300
0501,501 - RIVANNA,3715,450
# of Precincts in the Locality:,,15974,1486
0102,102 - BURNT CHIMNEY,2312,150
0103,103 - SCRUGGS,3624,253
0201,201 - GLADE HILL,1908,141
0202,202 - PENHOOK,1492,84
0203,203 - HODGESVILLE,358,33
0204,204 - DUDLEY,1277,89
0301,301 - SNOW CREEK,991,54
0302,302 - FORK MOUNTAIN,833,36
0303,303 - SONTAG,1838,126
0304,304 - DICKINSON,708,34
0401,401 - HENRY,1731,122
0402,402 - FERRUM,968,114
0403,403 - ENDICOTT,914,45
0501,501 - WAIDSBORO,1174,80
0502,502 - CALLAWAY,1576,66
0503,503 - BOWMANS,844,43
0504,504 - GOGGINSVILLE,1214,56
0601,601 - BOONES MILL,2030,92
0602,602 - BONBROOK,1841,102
0603,603 - COOPERS COVE,1309,68
0701,701 - ROCKY MOUNT EAST,2075,154
0702,702 - ROCKY MOUNT WEST,1468,109
0703,703 - ROCKY MOUNT SOUTH,1215,71
# of Precincts in the Locality:,,33700,2122
0101,101 - RUSSELLS,1976,129
0102,102 - GORE,2404,227
0103,103 - KERNSTOWN,2530,195
0104,104 - CEDAR CREEK,1468,168
0201,201 - GAINESBOROUGH,1351,98
0202,202 - ALBIN,2141,150
0203,203 - REDLAND,2722,296
0204,204 - NAIN,2056,155
0301,301 - CLEAR BROOK,1445,148
0302,302 - NEFF'S TOWN,2577,392
0303,303 - WHITE HALL,3247,294
0401,401 - CARPERS VALLEY,2447,222
0402,402 - SHENANDOAH,1407,120
0403,403 - PARKIN'S MILL,2205,401
0404,404 - ARMEL,2090,188
0501,501 - STEPHENS CITY,2246,236
0502,502 - NEWTOWN,2770,344
0503,503 - CANTERBURG,2584,300
0601,601 - MILLBROOK,1813,172
0602,602 - ASH HOLLOW,2390,296
0603,603 - GREENWOOD,3294,303
# of Precincts in the Locality:,,47163,4834
0101,101 - GLEN LYN,179,15
0102,102 - RICH CREEK,760,98
0103,103 - NARROWS,2186,192
0201,201 - PEARISBURG,2872,253
0202,202 - STAFFORDSVILLE,481,40
0203,203 - WHITE GATE,255,19
0301,301 - EGGLESTON,833,39
0302,302 - PEMBROKE,2000,112
0303,303 - NEWPORT,1100,74
# of Precincts in the Locality:,,10666,842
0101,101 - HARCUM,1865,105
0102,102 - SALEM,1629,99
0103,103 - PEASLEY,1181,80
0201,201 - COURTHOUSE,1961,116
0202,202 - BOTETOURT,2969,209
0301,301 - WHITE MARSH,2240,141
0302,302 - ROANES,2828,156
0401,401 - HAYES,2479,275
0402,402 - SARAHS CREEK,2189,176
0501,501 - ACHILLES,3144,184
0502,502 - WALKER,2136,154
# of Precincts in the Locality:,,24621,1695
0101,101 - FIFE,1193,47
0102,102 - HADENSVILLE,1879,111
0201,201 - THREE SQUARE,576,23
0202,202 - SANDY HOOK,2403,87
0301,301 - GOOCHLAND COURT HOUSE 1,1543,41
0302,302 - GOOCHLAND COURT HOUSE 2,688,46
0402,402 - CENTERVILLE,3452,136
0501,501 - MANAKIN,2402,90
0502,502 - BLAIR ROAD,1348,66
# of Precincts in the Locality:,,15484,647
0101,101 - BRIDLE CREEK,413,10
0102,102 - FLATRIDGE,256,11
0103,103 - GRANT,420,9
0104,104 - MOUTH OF WILSON,318,5
0105,105 - MOUNT ROGERS,429,14
0106,106 - RUGBY,339,4
0107,107 - TROUTDALE,213,5
0108,108 - COMERS ROCK,295,5
0202,202 - ELK CREEK,669,27
0203,203 - INDEPENDENCE,1917,62
0301,301 - BAYWOOD,1076,31
0302,302 - FAIRVIEW,1443,47
0401,401 - FRIES,648,16
0402,402 - PROVIDENCE,1258,41
0403,403 - OLDTOWN,596,23
# of Precincts in the Locality:,,10290,310
0101,101 - DYKE,1173,69
0102,102 - SWIFT RUN,1743,158
0201,201 - RUCKERSVILLE,2786,217
0301,301 - STANARDSVILLE,2819,185
0401,401 - MIDWAY,3060,238
# of Precincts in the Locality:,,11581,867
0101,101 - PRECINCT 1-A,663,41
0102,102 - PRECINCT 1-B,295,13
0103,103 - PRECINCT 1-C,502,105
0201,201 - PRECINCT 2-A,815,65
0202,202 - PRECINCT 2-B,938,51
0302,302 - PRECINCT 3-A,1641,122
0401,401 - PRECINCT 4-A,411,27
0402,402 - PRECINCT 4-B,720,57
0403,403 - PRECINCT 4-C,327,17
# of Precincts in the Locality:,,6312,498
0101,101 - CHILDREY,1003,25
0102,102 - LIBERTY,535,25
0103,103 - REPUBLICAN GROVE,1195,49
0201,201 - CLAYS MILL,741,33
0202,202 - CROSSROADS,713,32
0203,203 - CLOVER,1235,50
0302,302 - MEADVILLE,511,20
0304,304 - VERNON HILL,800,36
0305,305 - SINAI,1803,101
0401,401 - COURTHOUSE,1441,81
0403,403 - CENTER,1377,104
0502,502 - DAN RIVER,1908,165
0503,503 - SCOTTSBURG,866,46
0601,601 - BLACK WALNUT,1087,68
0603,603 - MT CARMEL,1514,72
0605,605 - UNION,456,19
0701,701 - HYCO,1413,56
0702,702 - MIDWAY,974,51
0703,703 - VIRGILINA,723,32
0801,801 - SOUTH BOSTON EAST,1571,144
0802,802 - SOUTH BOSTON WEST,893,87
# of Precincts in the Locality:,,22759,1296
0101,101 - ASHLAND,1968,127
0104,104 - SLIDING HILL,1986,108
0105,105 - BERKLEY,1882,176
0106,106 - KERSEY CREEK,1245,30
0107,107 - CHICKAHOMINY,1611,53
0201,201 - BEAVERDAM,2716,113
0202,202 - BLUNTS,1324,57
0203,203 - WILMINGTON PARISH,1818,61
0206,206 - COURTHOUSE,1096,43
0208,208 - OAK KNOLL,1656,56
0209,209 - WEST HANOVER,546,21
0210,210 - OAK HILL,627,17
0301,301 - CLAY,2449,85
0303,303 - SHADY GROVE,2011,118
0304,304 - ATLEE,3681,108
0305,305 - COOL SPRING,2290,100
0401,401 - BATTLEFIELD,2522,74
0403,403 - COLD HARBOR,3048,146
0404,404 - BLACK CREEK,2565,63
0405,405 - PEBBLE CREEK,1418,80
0406,406 - BEAVERDAM CREEK,608,71
0502,502 - RURAL POINT,2075,46
0503,503 - NEWMAN,1999,120
0504,504 - STUDLEY,1440,21
0505,505 - TOTOPOTOMOY,1226,31
0506,506 - GEORGETOWN,1668,28
0507,507 - LAUREL MEADOW,2073,99
0601,601 - VILLAGE,3358,164
0602,602 - LEE DAVIS,2577,116
0603,603 - MECHANICSVILLE,1999,161
0604,604 - HANOVER GROVE,1600,64
0701,701 - FARRINGTON,2195,72
0702,702 - MONTPELIER,2015,54
0703,703 - ROCKVILLE,2103,43
0704,704 - ELMONT,2529,131
0705,705 - SOUTH ANNA,1188,31
# of Precincts in the Locality:,,69112,2888
0101,101 - COALPIT,3346,213
0102,102 - DUMBARTON,3454,597
0103,103 - GLEN ALLEN,3599,201
0104,104 - GLENSIDE,2214,352
0105,105 - GREENDALE,1646,141
0106,106 - HERMITAGE,3067,251
0107,107 - HILLIARD,1157,79
0108,108 - HUNGARY CREEK,3769,122
0109,109 - HUNTON,903,22
0110,110 - JOHNSON,1080,125
0111,111 - LAKESIDE,2464,214
0112,112 - LONGAN,2806,331
0113,113 - MAUDE TREVVETT,1103,67
0114,114 - MONUMENT HILLS,990,75
0115,115 - STAPLES MILL,3834,190
0116,116 - SUMMIT COURT,1274,93
0117,117 - WESTWOOD,1766,122
0201,201 - ADAMS,1689,74
0202,202 - AZALEA,3413,561
0203,203 - BELMONT,2249,158
0204,204 - BROOKLAND,678,36
0205,205 - CANTERBURY,793,6
0206,206 - CENTRAL GARDENS,2612,155
0207,207 - CHAMBERLAYNE,2436,103
0208,208 - FAIRFIELD,2326,241
0209,209 - GLEN LEA,1580,70
0210,210 - GREENWOOD,1451,67
0211,211 - HIGHLAND GARDENS,1994,171
0212,212 - HOLLYBROOK,758,63
0213,213 - HUNGARY,1550,71
0214,214 - LONGDALE,1474,105
0215,215 - MAPLEWOOD,2483,133
0216,216 - MOODY,1016,129
0217,217 - MOUNTAIN,560,23
0218,218 - OAKVIEW,201,20
0219,219 - RANDOLPH,325,13
0220,220 - RATCLIFFE,3397,215
0221,221 - STRATFORD HALL,382,30
0222,222 - WILDER,1869,67
0223,223 - YELLOW TAVERN,3212,425
0301,301 - CAUSEWAY,1785,156
0302,302 - CEDARFIELD,2473,138
0303,303 - INNSBROOK,2357,176
0304,304 - JACKSON DAVIS,1540,94
0305,305 - NUCKOLS FARM,3048,158
0306,306 - POCAHONTAS,2298,341
0307,307 - RIDGE,1575,91
0308,308 - RIVERS EDGE,2458,148
0309,309 - SADLER,2365,201
0310,310 - SHADY GROVE,3052,257
0311,311 - SHORT PUMP,3152,292
0312,312 - SPRINGFIELD,1862,290
0313,313 - STONEY RUN,3816,434
0314,314 - THREE CHOPT,2809,279
0315,315 - TUCKER,3300,868
0401,401 - BYRD,2900,306
0402,402 - CRESTVIEW,2258,396
0403,403 - DERBYSHIRE,1795,65
0404,404 - FREEMAN,1724,148
0405,405 - GAYTON,3261,149
0406,406 - GODWIN,2350,163
0407,407 - LAKEWOOD,2196,137
0408,408 - LAUDERDALE,2612,288
0409,409 - MAYBEURY,2561,185
0410,410 - MOORELAND,1759,58
0411,411 - PEMBERTON,2219,254
0412,412 - PINCHBECK,3000,286
0413,413 - RIDGEFIELD,2915,259
0414,414 - ROLLINGWOOD,1722,99
0415,415 - SKIPWITH,1523,112
0416,416 - SPOTTSWOOD,1031,39
0417,417 - TUCKAHOE,3483,117
0418,418 - WELBORNE,1706,265
0419,419 - WEST END,2575,294
0501,501 - ANTIOCH,1809,47
0502,502 - CEDAR FORK,1228,51
0503,503 - CHICKAHOMINY,2289,153
0504,504 - DONAHOE,1601,138
0505,505 - DOREY,2269,92
0506,506 - EANES,2261,139
0507,507 - ELKO,674,27
0508,508 - HIGHLAND SPRINGS,2083,200
0509,509 - LABURNUM,2167,217
0510,510 - MEHFOUD,1865,97
0511,511 - MONTROSE,4153,327
0512,512 - NINE MILE,1185,114
0513,513 - PLEASANTS,2969,239
0514,514 - ROLFE,4397,263
0515,515 - SANDSTON,2007,133
0516,516 - SULLIVANS,1737,76
0517,517 - TOWN HALL,974,29
0518,518 - WHITLOCKS,1893,71
# of Precincts in the Locality:,,195961,16087
0101,101 - BASSETT NUMBER TWO,893,82
0102,102 - GUNVILLE,1615,145
0103,103 - SCOTT'S TANYARD,2577,150
0201,201 - FIELDALE,1015,67
0202,202 - HORSEPASTURE #1,1693,88
0203,203 - HORSEPASTURE #2,1561,79
0204,204 - SPENCER,1771,83
0302,302 - AXTON,1118,46
0303,303 - IRISBURG,2069,116
0304,304 - MOUNT OLIVET,2034,169
0305,305 - MOUNTAIN VALLEY,997,44
0401,401 - COLLINSVILLE NUMBER 1,1095,103
0402,402 - DANIELS CREEK,1231,188
0404,404 - COLLINSVILLE NUMBER 2,1983,196
0405,405 - MOUNTAIN VIEW,1047,89
0501,501 - BASSETT NUMBER ONE,977,61
0502,502 - FIGSBORO,1251,71
0503,503 - STANLEYTOWN,1918,135
0504,504 - OAK LEVEL,672,51
0505,505 - DYERS STORE,783,44
0601,601 - FONTAINE,1559,130
0602,602 - HILLCREST,759,57
0603,603 - RIDGEWAY #1,2013,142
0604,604 - RIDGEWAY #2,1318,111
# of Precincts in the Locality:,,33949,2447
0001,001 - MONTEREY,613,15
0003,003 - WILSONS MILL,127,0
0005,005 - BLUE GRASS,314,2
0007,007 - MILL GAP,211,1
0008,008 - MCDOWELL,382,7
0010,010 - HEADWATERS,102,3
# of Precincts in the Locality:,,1749,28
0101,101 - SMITHFIELD,3109,252
0102,102 - CYPRESS CREEK,2336,181
0201,201 - BARTLETT,2891,216
0202,202 - CARROLLTON,2713,275
0301,301 - RUSHMERE,2272,161
0302,302 - PONS,2491,126
0401,401 - COURTHOUSE,1006,48
0402,402 - WINDSOR,2013,187
0403,403 - LONGVIEW,1781,121
0501,501 - WALTERS,1062,73
0502,502 - CAMPS MILL,619,63
0503,503 - CARRSVILLE,772,54
0504,504 - ZUNI,1476,84
0505,505 - RAYNOR,787,47
# of Precincts in the Locality:,,25328,1888
0101,101 - BERKELEY A,4167,345
0102,102 - BERKELEY B,2231,232
0103,103 - BERKELEY C,3926,299
0201,201 - JAMESTOWN A,1048,99
0202,202 - JAMESTOWN B,3114,462
0203,203 - JAMESTOWN C,2250,242
0204,204 - JAMESTOWN D,3462,154
0301,301 - POWHATAN A,3451,239
0302,302 - POWHATAN B,1257,104
0303,303 - POWHATAN C,1337,83
0304,304 - POWHATAN D,3408,439
0401,401 - STONEHOUSE A,2977,210
0402,402 - STONEHOUSE B,4110,230
0403,403 - STONEHOUSE C,2874,142
0501,501 - ROBERTS A,1935,208
0502,502 - ROBERTS B,3742,212
0503,503 - ROBERTS C,728,108
0504,504 - ROBERTS D,3269,328
# of Precincts in the Locality:,,49286,4136
0101,101 - OWENTON,908,68
0201,201 - CLARKS,954,52
0301,301 - SHACKLEFORDS,940,68
0401,401 - COURTHOUSE,1005,57
0501,501 - OLDMILL,879,53
# of Precincts in the Locality:,,4686,298
0101,101 - COURTHOUSE,2324,141
0102,102 - PASSAPATANZY,1223,107
0201,201 - MONROE,3637,285
0301,301 - DAHLGREN,3357,445
0401,401 - SHILOH,3508,264
# of Precincts in the Locality:,,14049,1242
0101,101 - WEST POINT,2080,135
0201,201 - SWEET HALL,754,34
0202,202 - COURTHOUSE,1410,52
0301,301 - AYLETT,2014,113
0401,401 - MANQUIN,2166,100
0501,501 - MANGOHICK,2300,73
# of Precincts in the Locality:,,10724,507
0101,101 - PRECINCT 1-1,1701,97
0201,201 - PRECINCT 2-1,1549,69
0301,301 - PRECINCT 3-1,1301,45
0302,302 - PRECINCT 3-2,544,33
0401,401 - PRECINCT 4-1,1467,86
0501,501 - PRECINCT 5-1,1826,126
# of Precincts in the Locality:,,8388,456
0101,101 - ELYDALE,950,117
0102,102 - EWING,839,113
0103,103 - ROSE HILL,1511,215
0201,201 - BLACKWATER,278,27
0202,202 - FLATWOODS,1126,42
0203,203 - NORTH JONESVILLE,794,24
0204,204 - SOUTH JONESVILLE,1041,26
0301,301 - BEN HUR,1541,29
0302,302 - WEST PENNINGTON GAP,471,29
0303,303 - WOODWAY,1284,40
0401,401 - STICKLEYVILLE,672,17
0402,402 - JASPER,461,12
0403,403 - SEMINARY,585,14
0404,404 - DRYDEN,1319,33
0501,501 - SAINT CHARLES,466,12
0502,502 - STONE CREEK,448,16
0503,503 - EAST PENNINGTON GAP,1368,40
0504,504 - ROBBINS CHAPEL,215,6
0505,505 - KEOKEE,352,0
# of Precincts in the Locality:,,15721,812
0107,107 - LITTLE RIVER,4043,312
0108,108 - MERCER,2178,89
0112,112 - FREEDOM,3009,203
0114,114 - DULLES SOUTH,1172,59
0117,117 - CARTER,3233,305
0118,118 - MOOREFIELD,1728,63
0119,119 - ARCOLA,2354,182
0120,120 - LUNSFORD,2195,125
0121,121 - TOWN HALL,1611,185
0122,122 - HUTCHISON FARM,2663,233
0207,207 - RIVER BEND,1786,128
0208,208 - ALGONKIAN,1801,146
0209,209 - POTOMAC FALLS,2569,193
0210,210 - CASCADES,3146,302
0213,213 - COUNTRYSIDE,1084,209
0214,214 - SUGARLAND NORTH,3137,293
0215,215 - SUGARLAND SOUTH,2856,374
0216,216 - LOWES ISLAND,2449,188
0217,217 - SOUTH BANK,2706,191
0218,218 - UNIVERSITY CENTER,1913,623
0219,219 - GALILEE CHURCH,2143,288
0301,301 - PURCELLVILLE,2843,176
0302,302 - ROUND HILL,2165,135
0303,303 - HILLSBORO,2174,152
0305,305 - PHILOMONT,1066,78
0307,307 - MIDDLEBURG,1296,118
0308,308 - ST LOUIS,1293,88
0309,309 - ALDIE,954,72
0310,310 - MOUNTAIN VIEW,2760,272
0311,311 - ROUND HILL ELEMENTARY,2027,114
0312,312 - BRIAR WOODS,3200,121
0313,313 - PINEBROOK,1310,52
0314,314 - LEGACY,2453,82
0315,315 - FIREHOUSE,818,58
0316,316 - CREIGHTON'S CORNER,2480,239
0401,401 - WEST LOVETTSVILLE,2667,215
0402,402 - WATERFORD,2417,123
0403,403 - LUCKETTS,2384,152
0407,407 - HARPER PARK,2092,201
0408,408 - EVERGREEN,2140,190
0409,409 - CLARKES GAP,2559,172
0411,411 - EAST LOVETTSVILLE,2116,156
0413,413 - TUSCARORA,148,12
0414,414 - RED ROCK,1453,129
0416,416 - HAMILTON,3068,220
0417,417 - BETWEEN THE HILLS,337,40
0418,418 - REHAU,2243,190
0419,419 - J. L. SIMPSON,2349,105
0501,501 - WEST LEESBURG,2600,227
0502,502 - EAST LEESBURG,3120,579
0503,503 - DRY MILL,1404,149
0504,504 - SMARTS MILL,2606,336
0505,505 - COOL SPRING,2756,238
0506,506 - BRANDON PARK,1744,313
0507,507 - GREENWAY,1485,181
0508,508 - BALLS BLUFF,2614,262
0509,509 - TOLBERT,2390,253
0510,510 - HERITAGE,1692,118
0615,615 - HILLSIDE,2529,278
0616,616 - EAGLE RIDGE,3217,189
0617,617 - OAK GROVE,902,88
0618,618 - MILL RUN,2596,479
0619,619 - RIDGETOP,1236,334
0620,620 - RUSSELL BRANCH,2869,330
0621,621 - DOMINION TRAIL,3054,311
0622,622 - FARMWELL STATION,3403,330
0623,623 - WELLER,3392,297
0701,701 - SULLY,2732,268
0702,702 - PARK VIEW,2277,270
0703,703 - ROLLING RIDGE,2511,405
0705,705 - FOREST GROVE,3321,451
0707,707 - CLAUDE MOORE PARK,1955,189
0708,708 - SENECA,2410,228
0709,709 - MIRROR RIDGE,2585,263
0710,710 - STERLING,2176,251
0808,808 - STONE BRIDGE,3152,266
0810,810 - CEDAR LANE,2774,280
0813,813 - SELDENS LANDING,2061,338
0814,814 - NEWTON - LEE,2852,246
0815,815 - BELMONT RIDGE,4715,300
0817,817 - SANDERS CORNER,2836,246
0818,818 - BROAD RUN,2075,184
0819,819 - HERITAGE CHURCH,2039,205
0820,820 - BELMONT STATION,2172,158
# of Precincts in the Locality:,,192840,18193
0101,101 - ZION,1944,106
0102,102 - MECHANICSVILLE,1247,75
0201,201 - LOUISA #1,1405,81
0202,202 - LOUISA #2,1371,99
0301,301 - PATRICK HENRY NO 1,2555,131
0302,302 - PATRICK HENRY #2,650,36
0401,401 - MINERAL,2310,126
0402,402 - YANCEYVILLE,682,84
0501,501 - FREDERICKS HALL,1615,96
0502,502 - CUCKOO,1195,117
0601,601 - BUMPASS,1205,84
0602,602 - LOCUST CREEK,1535,112
0701,701 - SHELTONS MILL,1649,86
0702,702 - SOUTH ANNA,1288,80
# of Precincts in the Locality:,,20651,1313
0101,101 - PLYMOUTH,914,98
0201,201 - BROWNS STORE,837,58
0301,301 - ROSEBUD,571,32
0302,302 - FLAT ROCK,633,31
0401,401 - ARROWHEAD GUN CLUB,418,26
0402,402 - PLEASANT GROVE,779,52
0501,501 - REEDY CREEK,549,29
0502,502 - PEOPLES COMMUNITY CENTER,658,46
0601,601 - HOUNDS CREEK,1053,41
0701,701 - MEHERRIN FIRE DEPARTMENT,511,35
0702,702 - VICTORIA PUBLIC LIBRARY,617,53
# of Precincts in the Locality:,,7540,501
0001,001 - OAK PARK,1003,130
0002,002 - RADIANT,1426,111
0003,003 - ROCHELLE,666,35
0004,004 - GRAVES MILL,71,7
0005,005 - MADISON,1646,97
0006,006 - WOLFTOWN,837,66
0007,007 - BRIGHTWOOD,1519,129
0008,008 - CRIGLERSVILLE,777,58
0009,009 - ETLAN,440,46
# of Precincts in the Locality:,,8385,679
0001,001 - CHESAPEAKE,1554,79
0002,002 - WESTVILLE,2442,89
0003,003 - PIANKATANK,2747,111
# of Precincts in the Locality:,,6743,279
0101,101 - WRIGHTS STORE,757,26
0102,102 - PEARSONS STORE,211,34
0103,103 - SOUTH CLARKSVILLE,1355,109
0201,201 - BOYDTON,823,43
0202,202 - BLUESTONE SENIOR HIGH SCHOOL,339,30
0203,203 - CHASE CITY VFW POST,700,43
0301,301 - BRACEY,1405,120
0302,302 - LACROSSE,1002,65
0401,401 - AMERICAN LEGION HALL,2068,230
0402,402 - PARK VIEW MIDDLE SCHOOL,268,25
0501,501 - SOUTH HILL,2328,348
0601,601 - BASKERVILLE,1003,67
0602,602 - UNION LEVEL,523,36
0603,603 - SMITH CROSSROADS,354,16
0604,604 - LAKE GASTON,507,48
0701,701 - CHASE CITY,1170,89
0702,702 - SUNSHINE,839,38
0801,801 - FINCHLEY,319,17
0802,802 - BLUESTONE,1146,56
0803,803 - CHASE CITY ELEMENTARY SCHOOL,852,49
0901,901 - AVERETT,272,10
0902,902 - BUFFALO SPRINGS,484,30
0903,903 - CLARKSVILLE,1839,173
# of Precincts in the Locality:,,20564,1702
0101,101 - SALUDA,590,38
0102,102 - URBANNA,961,45
0201,201 - NEW MARKET,1617,80
0301,301 - WATERVIEW,666,31
0302,302 - CHURCH VIEW,797,26
0401,401- HARMONY VILLAGE,1398,80
0501,501 - WILTON,1528,73
# of Precincts in the Locality:,,7557,373
0101,101 - PRECINCT A-1,2458,220
0102,102 - PRECINCT A-2,2705,1026
0103,103 - PRECINCT A-3,3154,624
0201,201 - PRECINCT B-1,375,49
0202,202 - PRECINCT B-2,3249,534
0203,203 - PRECINCT B-3,1780,193
0204,204 - PRECINCT B-4,3085,482
0301,301 - PRECINCT C-1,2483,235
0302,302 - PRECINCT C-2,2218,170
0303,303 - PRECINCT C-3,825,45
0304,304 - PRECINCT C-4,2410,349
0401,401 - PRECINCT D-1,1367,231
0402,402 - PRECINCT D-2,1983,139
0403,403 - PRECINCT D-3,1869,185
0404,404 - PRECINCT D-4,954,54
0405,405 - PRECINCT D-5,2449,267
0501,501 - PRECINCT E-1,2300,406
0502,502 - PRECINCT E-2,1620,168
0503,503 - PRECINCT E-3,2820,1275
0601,601 - PRECINCT F-1,3098,922
0602,602 - PRECINCT F-2,2526,838
0701,701 - PRECINCT G-1,3353,841
0702,702 - PRECINCT G-2,2405,1156
# of Precincts in the Locality:,,51486,10409
0101,101 - ROCKFISH,2043,132
0201,201 - LOVINGSTON,1188,91
0202,202 - SCHUYLER,706,57
0301,301 - SHIPMAN,1639,92
0302,302 - GLADSTONE,290,24
0401,401 - ROSELAND,1857,94
0402,402 - MONTEBELLO,151,7
0501,501 - FABER,793,56
0502,502 - NELLYSFORD,1687,85
# of Precincts in the Locality:,,10354,638
0102,102 - TUNSTALL,708,31
0103,103 - SOUTHERN BRANCH,1791,80
0201,201 - QUINTON,1565,93
0202,202 - KENTWOOD,1106,72
0301,301 - WATKINS,980,44
0302,302 - CUMBERLAND,1381,55
0401,401 - PROVIDENCE FORGE,1852,83
0403,403 - MOUNTCASTLE,859,62
0501,501 - ELTHAM,1106,54
0502,502 - CHICKAHOMINY RIVER,1472,117
# of Precincts in the Locality:,,12820,691
0101,101 - PRECINCT 1-1,1867,156
0201,201 - PRECINCT 2-1,1712,70
0301,301 - PRECINCT 3-1,1707,85
0401,401 - PRECINCT 4-1,1623,65
0501,501 - PRECINCT 5-1,1784,116
# of Precincts in the Locality:,,8693,492
0101,101 - 1A,1522,69
0201,201 - 2A,1766,112
0301,301 - 3A,1066,67
0302,302 - 3B,573,28
0401,401 - 4A,2042,102
0501,501 - 5A,2063,108
# of Precincts in the Locality:,,9032,486
0101,101 - PRECINCT 1-1,1115,28
0102,102 - PRECINCT 1-2,743,7
0201,201 - PRECINCT 2-1,1421,89
0202,202 - PRECINCT 2-2,534,13
0301,301 - PRECINCT 3-1,916,20
0302,302 - PRECINCT 3-2,548,17
0401,401 - PRECINCT 4-1,1062,35
0402,402 - PRECINCT 4-2,844,23
0501,501 - PRECINCT 5-1,1880,70
# of Precincts in the Locality:,,9063,302
0101,101 - ONE WEST,2146,130
0102,102 - ONE EAST,2079,156
0201,201 - TWO WEST,2214,129
0202,202 - TWO EAST,1828,141
0301,301 - THREE WEST,2724,360
0302,302 - THREE EAST,793,66
0401,401 - FOUR WEST,2048,160
0402,402 - FOUR EAST,1943,214
0501,501 - FIVE SOUTH,2452,247
0502,502 - FIVE NORTH,2617,352
# of Precincts in the Locality:,,20844,1955
0101,101 - WEST LURAY,2885,331
0201,201 - EAST LURAY,2985,291
0301,301 - MARKSVILLE,3117,271
0401,401 - NEWPORT,2551,208
0501,501 - SHENANDOAH,2774,198
# of Precincts in the Locality:,,14312,1299
0101,101 - ARARAT,792,46
0102,102 - CLAUDVILLE,733,29
0103,103 - WILLIS GAP,758,35
0201,201 - DRY POND,445,14
0202,202 - PATRICK SPRINGS,1190,27
0203,203 - RUSSELL CREEK,924,27
0301,301 - CRITZ/STELLA,1441,48
0302,302 - LIBERTY,981,32
0401,401 - MEADOWS OF DAN,971,22
0402,402 - STUART ADMINISTRATION,1371,29
0501,501 - STUART COMMUNITY,558,16
0502,502 - ELAMSVILLE,823,20
0503,503 - WOOLWINE,943,28
# of Precincts in the Locality:,,11930,373
0103,103 - TWIN SPRINGS,2975,180
0105,105 - CHATHAM,1236,87
0106,106 - TUNSTALL,1325,79
0108,108 - WEST BLAIRS,783,26
0201,201 - CALLANDS,1175,54
0202,202- BEARSKIN,360,22
0204,204 - SANDY LEVEL,802,58
0206,206 - CLIMAX,892,41
0207,207 - GRETNA,2336,86
0301,301 - CENTRAL,1304,58
0305,305 - RICEVILLE,1117,50
0307,307 - EAST BLAIRS,1456,86
0308,308 - MT AIRY,677,20
0309,309 - EAST GRETNA,774,34
0402,402 - KEELING,1292,81
0404,404 - KENTUCK,2262,119
0405,405 - RINGGOLD,2547,165
0501,501 - HURT,2033,123
0502,502 - MOTLEY SYCAMORE,2132,103
0503,503 - RENAN,1118,28
0603,603 - STONY MILL,1546,73
0604,604 - SWANSONVILLE,1302,87
0605,605 - WHITMELL,1259,52
0606,606 - BROSVILLE,1245,73
0607,607 - DRY FORK,582,21
0702,702 - BACHELORS HALL,1725,87
0703,703 - FERRY ROAD,406,38
0704,704 - MT HERMON,2762,247
0705,705 - MT CROSS,1316,74
# of Precincts in the Locality:,,40739,2252
0101,101 - SUBLETTS,2154,71
0102,102 - MANAKIN,1331,48
0103,103 - FLAT ROCK,1214,51
0201,201 - POWHATAN STATION,1685,90
0202,202 - GRACELAND,2089,100
0301,301 - BETHESDA,1863,80
0302,302 - LEE'S LANDING,1314,62
0401,401 - POWHATAN COURTHOUSE,2616,134
0402,402 - MT ZION,1031,35
0501,501 - SMITH CROSS ROADS,1575,64
0502,502 - PINEVILLE,733,32
0503,503 - TOBACCOVILLE,744,28
# of Precincts in the Locality:,,18349,795
0101,101 - FARMVILLE,1548,316
0201,201 - LOCKETT,1799,210
0301,301 - LEIGH,1162,165
0302,302 - MT PLEASANT,633,63
0401,401 - HAMPDEN,1304,366
0501,501 - DARLINGTON HTS,841,93
0502,502 - BUFFALO HTS,560,53
0601,601 - PROSPECT,1905,217
0701,701 - WEST END,1571,227
0801,801 - CENTER,1092,263
# of Precincts in the Locality:,,12415,1973
0101,101 - RICHARD BLAND,1226,61
0102,102 - TEMPLETON,3195,143
0103,103 - UNION BRANCH,2105,110
0104,104 - RIVES,1916,707
0105,105 - HARRISON,764,29
0201,201 - BLAND,3083,217
0202,202 - BLACK WATER,2178,133
0203,203 - BRANDON,777,36
0204,204 - COURTS BLDG,2575,247
0205,205 - JEFFERSON PARK,2136,587
# of Precincts in the Locality:,,19955,2270
0101,101 - BRENTSVILLE,2966,175
0102,102 - CEDAR POINT,3627,326
0103,103 - GLENKIRK,2486,179
0104,104 - NOKESVILLE,1774,114
0105,105 - LIMESTONE,3144,179
0106,106 - JACKSON,2204,466
0107,107 - MARSTELLER,3880,281
0108,108 - VICTORY,3243,269
0109,109 - PINEY BRANCH,2502,193
0110,110 - BUCKLAND MILLS,4780,390
0111,111 - BRISTOW RUN,3844,250
0201,201 - SAUNDERS,3379,305
0202,202 - MARSHALL,3046,233
0203,203 - BENNETT,4770,367
0204,204 - ELLIS,2569,337
0205,205 - BUCKHALL,2463,155
0206,206 - COLES,2329,173
0207,207 - LODGE,3387,303
0208,208 - HYLTON,3907,271
0209,209 - PARK,1976,143
0210,210 - PENN,3327,184
0211,211 - SIGNAL HILL,1843,114
0212,212 - YORKSHIRE,3457,564
0301,301 - DUMFRIES,2314,455
0302,302 - POTOMAC,3359,542
0303,303 - GRAHAM PARK,3687,569
0304,304 - QUANTICO,870,643
0305,305 - PATTIE,2788,285
0306,306 - WASHINGTON-REID,2751,239
0307,307 - HENDERSON,4339,422
0308,308 - MONTCLAIR,3727,288
0309,309 - ASHLAND,1893,142
0310,310 - FOREST PARK,2346,297
0311,311 - SWANS CREEK,3249,318
0312,312 - TRIANGLE,533,89
0401,401 - EVERGREEN,3504,191
0402,402 - BATTLEFIELD,3830,195
0403,403 - BULL RUN,2298,166
0404,404 - SINCLAIR,2691,424
0405,405 - STONEWALL,3158,689
0406,406 - ALVEY,4878,293
0407,407 - HERITAGE HUNT,3423,132
0408,408 - SUDLEY,1869,154
0409,409 - PACE WEST,2906,303
0410,410 - MOUNTAIN VIEW,3361,266
0411,411 - MULLEN,3410,851
0501,501 - LAKE RIDGE,2899,332
0502,502 - OCCOQUAN,1620,247
0503,503 - OLD BRIDGE,3484,262
0504,504 - ROCKLEDGE,3381,221
0505,505 - MOHICAN,4095,433
0506,506 - BETHEL,3787,330
0507,507 - CHINN,2470,222
0508,508 - SPRINGWOODS,3782,630
0509,509 - MC COART,2636,149
0510,510 - STADIUM,2773,190
0511,511 - WESTRIDGE,2653,204
0512,512 - YORK,2890,455
0601,601 - DALE,2407,304
0602,602 - BEVILLE,3414,313
0603,603 - GODWIN,4128,559
0604,604 - CIVIC CENTER,2542,316
0605,605 - MINNIEVILLE,2556,262
0606,606 - BEL AIR,2528,232
0607,607 - KERRYDALE,3087,297
0608,608 - ENTERPRISE,2579,230
0609,609 - KING,2924,305
0610,610 - FITZGERALD,2675,301
0701,701 - BELMONT,2763,583
0702,702 - LIBRARY,3884,316
0703,703 - LYNN,2751,520
0704,704 - PORTER,3272,352
0705,705 - POTOMAC VIEW,1757,200
0706,706 - RIPPON,3632,407
0707,707 - KILBY,2092,198
0708,708 - RIVER OAKS,4519,663
0709,709 - FREEDOM,2810,413
# of Precincts in the Locality:,,230877,24370
0101,101 - BELSPRING,819,29
0102,102 - NEW RIVER,2415,192
0103,103 - WEST CLOYD,1254,49
0201,201 - DRAPER,1423,53
0202,202 - SOUTH PULASKI,436,37
0203,203 - NEWBERN,2377,149
0301,301 - DUBLIN,2184,113
0302,302 - HIWASSEE,481,41
0304,304 - SNOWVILLE,1160,57
0401,401 - MASSIE,3091,298
0402,402 - WALKER,882,49
0501,501 - ROBINSON,3794,396
# of Precincts in the Locality:,,20316,1463
0101,101 - WASHINGTON,1102,99
0201,201 - AMISSVILLE,1032,90
0301,301 - SPERRYVILLE,1045,99
0401,401 - SCRABBLE,1042,75
0501,501 - CHESTER GAP,474,47
0502,502 - FLINT HILL,602,66
# of Precincts in the Locality:,,5297,476
0101,101 - PRECINCT 1-1,1095,59
0201,201 - PRECINCT 2-1,921,70
0301,301 - PRECINCT 3-1,868,64
0401,401 - PRECINCT 4-1,1033,33
0501,501 - PRECINCT 5-1,898,61
# of Precincts in the Locality:,,4815,287
0101,101 - CATAWBA,726,50
0102,102 - MASON VALLEY,748,33
0103,103 - GLENVAR,1774,82
0104,104 - NORTHSIDE,1491,91
0105,105 - PETERS CREEK,2832,136
0106,106 - GREEN HILL,2999,182
0107,107 - BENNETT SPRINGS,1018,38
0108,108 - WILDWOOD,1456,87
0201,201 - PLANTATION,2183,169
0202,202 - BURLINGTON,1376,199
0203,203 - MOUNTAIN VIEW,2844,144
0204,204 - BOTETOURT SPRINGS,2200,104
0205,205 - ORCHARDS,3286,294
0206,206 - HOLLINS,1316,165
0301,301 - BENT MOUNTAIN,690,53
0302,302 - POAGES MILL,2990,180
0303,303 - WINDSOR HILLS,1743,142
0304,304 - OAK GROVE,2968,203
0305,305 - CASTLE ROCK,3591,255
0306,306 - GARST MILL,1667,246
0402,402 - BONSACK,598,40
0403,403 - NORTH VINTON,1976,217
0404,404 - SOUTH VINTON,2609,251
0405,405 - LINDENWOOD,3633,194
0406,406 - MOUNT PLEASANT,2560,153
0501,501 - COTTON HILL,1553,95
0502,502 - PENN FOREST,1453,111
0503,503 - CAVE SPRING,1868,106
0504,504 - OGDEN,1789,416
0505,505 - CLEARBROOK,1471,98
0506,506 - MOUNT VERNON,1537,180
0507,507 - HUNTING HILLS,2941,290
# of Precincts in the Locality:,,63886,5004
0101,101 - AIRPORT,1180,85
0102,102 - BEN SALEM,797,42
0103,103 - PLANK ROAD,470,20
0104,104 - EFFINGER,497,33
0201,201 - COLLIERSTOWN,833,34
0202,202 - HIGHLAND BELLE,1603,107
0203,203 - VO-TECH,506,73
0301,301 - MAURY RIVER,873,68
0302,302 - NATURAL BRIDGE,912,54
0303,303 - FALLING SPRING,417,26
0401,401 - FAIRFIELD,863,42
0402,402 - MOUNTAIN VIEW,1280,85
0403,403 - VESUVIUS,453,40
0501,501 - GOSHEN,511,38
0502,502 - MEADOWVIEW,795,83
0503,503 - ROCKBRIDGE BATHS,554,30
0504,504 - ROCKBRIDGE,926,35
# of Precincts in the Locality:,,13470,895
0101,101 - BROADWAY,2131,164
0102,102 - TIMBERVILLE,1264,83
0103,103 - FULKS RUN,1229,67
0104,104 - BERGTON,445,18
0105,105 - LACEY SPRING,987,34
0106,106 - TENTH LEGION,946,53
0107,107 - PLAINS,1012,44
0108,108 - LITTLE NORTH MOUNTAIN,754,28
0201,201 - SINGERS GLEN,1381,59
0202,202 - EDOM,2184,118
0203,203 - DAYTON,957,57
0204,204 - MT CLINTON,1605,56
0205,205 - SILVER LAKE,1941,74
0301,301 - KEEZLETOWN,1080,48
0302,302 - PORT REPUBLIC,1626,83
0303,303 - MELROSE,906,32
0304,304 - GROTTOES,1529,85
0305,305 - MASSANETTA SPRINGS,4182,251
0306,306 - CROSS KEYS,553,12
0401,401 - BRIDGEWATER,3136,241
0402,402 - MONTEZUMA,1574,47
0403,403 - MT CRAWFORD,256,24
0404,404 - NORTH RIVER,1452,88
0405,405 - OTTOBINE,1869,76
0501,501 - ELKTON,1667,146
0502,502 - SWIFT RUN,2394,112
0503,503 - MCGAHEYSVILLE,1968,90
0504,504 - SOUTH FORK,1076,55
0505,505 - STONY RUN,2001,170
# of Precincts in the Locality:,,44105,2415
0101,101 - MOCCASIN,1211,100
0102,102 - COPPER CREEK,1011,72
0103,103 - SOUTH CASTLEWOOD,801,98
0201,201 - NORTH CASTLEWOOD,2316,213
0202,202 - DANTE,550,80
0301,301 - COOKS MILL,408,34
0302,302 - DAUGHERTY,535,17
0303,303 - NEW GARDEN,1398,155
0304,304 - CLEVELAND,817,66
0401,401 - DRILL,194,14
0402,402 - SWORDS CREEK,1973,124
0403,403 - HONAKER,930,55
0501,501 - WEST LEBANON,2793,332
0601,601 -  EAST LEBANON,1420,78
0602,602 - ELK GARDEN,1662,128
# of Precincts in the Locality:,,18019,1566
0101,101 - WEBER CITY,1241,54
0102,102 - YUMA,1327,48
0202,202 - WEBER CITY EAST,933,21
0203,203 - HILTONS,1355,39
0204,204 - CLARK'S,344,26
0301,301 - NICKELSVILLE,1017,21
0302,302 - SNOWFLAKE,703,22
0303,303 - TWIN SPRINGS,758,22
0304,304 - COPPER CREEK,230,8
0401,401 - GATE CITY,2961,92
0501,501 - DUNGANNON,644,7
0502,502 - FORT BLACKMORE,673,12
0503,503 - MANVILLE,414,7
0504,504 - RYE COVE,856,19
0601,601 - CLINCHPORT,645,27
0602,602 - DUFFIELD-PATTONSVILLE,1283,57
0603,603 - FAIRVIEW,359,16
# of Precincts in the Locality:,,15743,498
0101,101 - ORKNEY SPRINGS,1229,91
0103,103 - NEW MARKET,2992,259
0201,201 - CONICVILLE,2045,132
0202,202 - MT JACKSON,1855,139
0302,302 - EDINBURG,1819,107
0303,303 - ST LUKE,1704,98
0304,304 - FORT VALLEY,936,47
0401,401 - WOODSTOCK,4107,492
0501,501 - CEDAR CREEK,171,8
0503,503 - TOMS BROOK,2664,202
0504,504 - LEBANON CHURCH,1744,98
0601,601 - STRASBURG,3985,545
# of Precincts in the Locality:,,25251,2218
0101,101 - SALTVILLE,2553,199
0201,201 - SEVEN MILE FORD,1725,135
0202,202 - RICH VALLEY,745,28
0301,301 - CHILHOWIE,2118,155
0302,302 - ST CLAIR,562,22
0401,401 - EAST PARK,1547,200
0402,402 - WEST PARK,936,197
0501,501 - ATKINS,1606,156
0502,502 - WASSONA,1121,93
0601,601 - ROYAL OAK EAST,1675,217
0602,602 - ROYAL OAK WEST,793,69
0701,701 - ADWOLFE,1567,117
0702,702 - SUGAR GROVE,985,99
0703,703 - KONNAROCK,161,11
# of Precincts in the Locality:,,18094,1698
0101,101 - BERLIN,766,70
0102,102 - IVOR,1118,96
0201,201 - BOYKINS,1269,119
0202,202 - BRANCHVILLE,388,29
0301,301 - CAPRON,973,76
0302,302 - SEBRELL,919,49
0401,401 - DREWRYVILLE,731,76
0501,501 - HUNTERDALE,1335,80
0502,502 - FORKS-OF-THE-RIVER,611,75
0601,601 - COURTLAND,1301,129
0602,602 - SEDLEY,485,35
0701,701 - BLACKWATER RIVER,724,89
0702,702 - NEWSOMS,931,117
# of Precincts in the Locality:,,11551,1040
0101,101 - PARTLOW,2274,141
0102,102 - BLAYDES CORNER,2481,176
0103,103 - TRAVELERS REST,3110,180
0104,104 - MASSAPONAX,2901,186
0201,201 - WILDERNESS SCHOOL,2748,279
0202,202 - WILDERNESS FIRE,2616,172
0203,203 - NI RIVER / ELYS FORD,2149,136
0204,204 - CHANCELLOR,3561,373
0301,301 - PLANK ROAD,3591,281
0302,302 - HAZEL RUN,3693,409
0303,303 - RIVERBEND,3600,249
0401,401 - SUMMIT,3191,382
0402,402 - PARKSIDE,2979,224
0403,403 - LEE HILL,4128,344
0501,501 - BELMONT,2017,97
0502,502 - BROKENBURG,1776,85
0503,503 - POST OAK,2044,99
0504,504 - COURTHOUSE,2961,159
0505,505 - BROCK,2894,109
0601,601 - SALEM,3530,306
0602,602 - SMITH STATION,4438,490
0603,603 - PIEDMONT,2443,235
0701,701 - BATTLEFIELD,2511,208
0702,702 - BRENTS MILL,3436,449
0703,703 - FAIRVIEW,1900,233
0704,704 - GAYLE,3326,159
# of Precincts in the Locality:,,76298,6161
0101,101 - HARTWOOD,4055,216
0102,102 - ROCKY RUN,1718,155
0103,103 - SIMPSON,2264,146
0104,104 - COLLEGE,2997,207
0201,201 - ROCK HILL,2771,211
0202,202 - ROSEVILLE,3544,283
0203,203 - RUBY,2398,199
0204,204 - STEFANIGA,3351,230
0301,301 - GRIFFIS,2279,335
0302,302 - WIDEWATER,3487,465
0303,303 - HARBOUR,1971,248
0304,304 - BARRETT,1501,175
0401,401 - AQUIA,906,170
0402,402 - COURTHOUSE,3916,569
0403,403 - BROOKE,3672,279
0404,404 - GOVERNMENT ISLAND,2645,242
0501,501 - GRAFTON,3667,251
0502,502 - FALMOUTH,2547,209
0503,503 - DREW,2432,274
0504,504 - GAYLE,2627,259
0601,601 - FERRY FARM,2646,141
0602,602 - CHATHAM,3141,283
0603,603 - WHITE OAK,3110,211
0604,604 - ENGLAND RUN,1609,386
0701,701 - WOODLANDS,3647,425
0702,702 - WHITSON,3280,618
0703,703 - HAMPTON,3884,354
# of Precincts in the Locality:,,76065,7541
0101,101 - SURRY,1093,83
0201,201 - BACONS CASTLE,1007,55
0301,301 - DENDRON,554,25
0302,302 - WALLS BRIDGE,495,29
0401,401 - CARSLEY,1021,63
0501,501 - CLAREMONT,666,32
0502,502 - SPRING GROVE,393,28
# of Precincts in the Locality:,,5229,315
0101,101 - WAVERLY,1182,103
0201,201 - STONY CREEK,796,62
0202,202 - LITTLE MILL,227,17
0301,301 - COURTHOUSE,844,78
0302,302 - WAKEFIELD,209,23
0401,401 - MARS HILL,985,93
0402,402 - WEST WAKEFIELD,135,9
0501,501 - HENRY,777,69
0502,502 - YALE,369,29
0601,601 - BLACKWATER,757,47
0602,602 - NEWVILLE,408,32
# of Precincts in the Locality:,,6689,562
0101,101 - ABBS VALLEY,515,63
0102,102 - TIP TOP,682,62
0103,103 - BOISSEVAIN,380,50
0104,104 - FALLS MILLS,733,126
0106,106 - POCAHONTAS,386,92
0107,107 - AMONATE,191,30
0109,109 - BISHOP,298,38
0110,110 - ADRIA,741,89
0111,111 - GAP STORE,603,61
0112,112 - BANDY,300,31
0203,203 - BURKES GARDEN,174,13
0204,204 - CLEAR FORK,675,60
0207,207 - FREESTONE,227,23
0209,209 - JEFFERSONVILLE,3784,409
0214,214 - THOMPSON VALLEY,734,61
0301,301 - CEDAR BLUFF,2713,309
0302,302 - BAPTIST VALLEY,597,44
0303,303 - WARDELL,1053,146
0305,305 - POUNDING MILL,847,70
0401,401 - RICHLANDS,3356,381
0402,402 - JEWELL RIDGE,398,33
0404,404 - RAVEN,1121,166
0501,501 - SPRINGVILLE,1828,282
0502,502 - GRAHAM,3574,550
# of Precincts in the Locality:,,25910,3189
0101,101 - FORK TOWN,1607,334
0102,102 - OTTERBURN,2750,198
0201,201 - HAPPY CREEK,2440,312
0202,202 - LINDEN,2126,238
0301,301 - NORTH RIVER,2143,325
0302,302 - RIVERTON,1950,145
0401,401 - EAST SHENANDOAH,3213,339
0402,402 - TOWN - WEST SHENANDOAH,1501,151
0501,501 - SOUTH RIVER,2809,467
0502,502 - BENTONVILLE,893,61
0504,504 - BROWNTOWN,675,47
# of Precincts in the Locality:,,22107,2617
0101,101 - EAST ABINGDON,3104,419
0102,102 - WEST ABINGDON,1664,238
0201,201 - CLINCHBURG,951,63
0202,202 - GREENDALE,1674,144
0203,203 - HAYTERS GAP,634,38
0204,204 WOODLAND HILLS,1428,83
0301,301 - WATAUGA,2713,166
0302,302 - SOUTH ABINGDON,2671,352
0401,401 - GLADE SPRING,2041,139
0402,402 - MEADOWVIEW,2536,211
0501,501 - RHEA VALLEY,2870,150
0502,502 - DAMASCUS,1461,157
0504,504 - GREEN COVE,247,21
0601,601 - BURSON PLACE,2335,174
0602,602 - MENDOTA,457,33
0603,603 - VALLEY INSTITUTE,1858,145
0701,701 - HIGH POINT,1938,136
0702,702 - WALLACE,942,82
0703,703 - JOHN BATTLE,2222,266
# of Precincts in the Locality:,,33746,3017
0101,101 - PRECINCT 1-1,1474,91
0102,102 - PRECINCT 1-2,791,44
0201,201 - PRECINCT 2-1,2526,170
0301,301 - PRECINCT 3-1,2092,134
0401,401 - PRECINCT 4-1,2142,187
0501,501 - PRECINCT 5-1,2100,235
# of Precincts in the Locality:,,11125,861
0101,101 - APPALACHIA,1502,147
0102,102 - DORCHESTER,913,68
0103,103 - GUEST RIVER VOTING PLACE,896,41
0104,104 - WEST POUND,2536,206
0201,201 - NORTH COEBURN,1302,127
0202,202 - WISE,3481,260
0203,203 - EAST POUND,667,68
0301,301 - BIG STONE GAP,2575,350
0302,302 - EAST STONE GAP,2550,271
0401,401 - CLINCH VALLEY,2197,154
0402,402 - SOUTH COEBURN,2657,275
0403,403 - ST PAUL,913,122
# of Precincts in the Locality:,,22189,2089
0101,101 - ROYAL OAK,712,48
0102,102 - RURAL RETREAT,2271,142
0203,203 - WEST WYTHEVILLE,3005,269
0303,303 - EAST WYTHEVILLE,3095,315
0401,401 - FORT CHISWELL,1439,85
0402,402 - MAX MEADOWS,1548,97
0501,501 - JACKSON MEMORIAL,1176,68
0502,502 - SHEFFEY,1659,93
0601,601 - HUDDLE,750,38
0602,602 - ZION,1216,71
0603,603   EVERGREEN,889,67
# of Precincts in the Locality:,,17760,1293
0101,101 - QUEENS LAKE,2254,196
0102,102 - WALLER MILL,2752,352
0103,103 - MAGRUDER,3717,453
0201,201 - COVENTRY,4164,1054
0202,202 - KILN CREEK,2022,204
0301,301 - SEAFORD,3624,235
0302,302 - YORKTOWN,2816,224
0303,303 - EDGEHILL,2970,389
0401,401 - HARWOODS MILL,3650,242
0402,402 - DARE,3701,452
0403,403 - GRAFTON,1934,186
0501,501 - TABB,4010,333
0502,502 - BETHEL,4079,899
# of Precincts in the Locality:,,41693,5219
0101,101 - LADREY SENIOR BUILDING,2217,461
0102,102 - CITY HALL,2578,410
0103,103 - LYLES CROUCH SCHOOL,3783,1002
0104,104 - DURANT CENTER,3702,808
0105,105 - LEE CENTER,3820,899
0106,106 - CORA KELLY CENTER,4097,1191
0107,107 - MT VERNON RECREATION CENTER,4042,781
0108,108 - GEORGE WASHINGTON MIDDLE SCH,3519,659
0109,109 - FIRE DEPARTMENT HEADQUARTERS,3708,975
0201,201 - MAURY SCHOOL,2786,402
0202,202 - GEORGE MASON SCHOOL,2723,206
0203,203 - AGUDAS ACHIM SYNAGOGUE,2870,519
0204,204 - BLESSED SACRAMENT CHURCH,2553,276
0205,205 - DOUGLAS MACARTHUR SCHOOL,3716,683
0206,206 - CHINQUAPIN PARK RECREATION CTR,2841,514
0207,207 - TEMPLE BETH EL SYNAGOGUE,3702,472
0208,208 - NOVA ARTS CENTER,3907,1387
0209,209 - JAMES K POLK SCHOOL,3836,916
0210,210 - ST JAMES CHURCH,2081,318
0302,302 - PATRICK HENRY REC CENTER,2871,926
0303,303 - CHARLES E BEATLEY LIBRARY,3353,1021
0304,304 - SAMUEL TUCKER SCHOOL,4358,1707
0305,305 - JOHN ADAMS SCHOOL,4281,1063
0306,306 - WILLIAM RAMSAY SCHOOL,4074,691
0307,307 - SOUTH PORT,3261,608
0308,308 - CAMERON STATION COMMUNITY CTR,3420,793
# of Precincts in the Locality:,,88099,19688
0001,001 - WARD ONE,2076,126
0002,002 - WARD TWO,1692,139
# of Precincts in the Locality:,,3768,265
0001,001 - FIRST WARD,2249,199
0002,002 - SECOND WARD,2867,212
0003,003 - THIRD WARD,2410,210
0004,004 - FOURTH WARD,4006,234
# of Precincts in the Locality:,,11532,855
0001,001 - FIRST WARD,1899,219
0002,002 - SECOND WARD,1826,258
# of Precincts in the Locality:,,3725,477
0101,101 - RECREATION,3255,440
0102,102 - CLARK,3631,566
0201,201 - CARVER,3454,592
0202,202 - WALKER,3790,486
0301,301 - BENJAMIN TONSLER,2832,443
0302,302 - JOHNSON,3521,654
0303,303 - BUFORD,2274,657
0401,401 - VENABLE,2375,917
0402,402 - ALUMNI HALL,2523,744
# of Precincts in the Locality:,,27655,5499
0001,001 - GREAT BRIDGE,2604,330
0002,002 - BETHEL,2290,263
0003,003 - CAMELOT,3382,245
0004,004 - CHURCHLAND,1844,149
0005,005 - CRESTWOOD,2481,246
0006,006 - DEEP CREEK,3807,395
0007,007 - GREENBRIER,2891,232
0008,008 - SOUTH NORFOLK RECREATION,2591,338
0009,009 - BELLS MILL,3804,364
0010,010 - OSCAR SMITH,1334,177
0011,011 - GENEVA PARK,2545,446
0012,012 - GEORGETOWN,2194,177
0013,013 - GILMERTON,2309,198
0014,014 - GRASSFIELD,586,43
0015,015 - B M WILLIAMS,2352,525
0016,016 - HICKORY GROVE,2590,193
0017,017 - INDIAN CREEK,1636,100
0018,018 - INDIAN RIVER,2039,323
0019,019 - JOLLIFF,1504,104
0020,020 - E W CHITTUM,2622,183
0021,021 - FELLOWSHIP,2130,176
0022,022 - NORFOLK HIGHLANDS,1685,193
0023,023 - OAK GROVE,2353,352
0024,024 - OAKLETTE,2487,422
0025,025 - ST JULIANS,1459,275
0026,026 - JOHNSON PARK,1201,211
0027,027 - SILVERWOOD,2958,255
0028,028 - SUNRAY I,275,23
0029,029 - TANGLEWOOD,2055,181
0030,030 - SOUTH NORFOLK,1224,139
0031,031 - CARVER SCHOOL,3183,431
0032,032 - PROVIDENCE,3440,541
0033,033 - WESTOVER,1472,215
0034,034 - HICKORY MIDDLE SCHOOL,3494,280
0035,035 - TAYLOR ROAD,1794,272
0036,036 - GREAT BRIDGE BAPTIST CHURCH,3147,411
0037,037 - BRIDGETOWN,2023,134
0038,038 - BAILEY CREEK,2164,125
0039,039 - LAKE DRUMMOND,1041,69
0040,040 - RIVER BIRCH,2620,393
0041,041 - JOHN T WEST,3386,532
0042,042 - PARKWAYS,2016,351
0043,043 - PLEASANT CROSSING,2106,144
0044,044 - NANSEMOND,1550,115
0045,045 - SUNRAY II,824,66
0046,046 - BELLS MILL II,2108,193
0047,047 - GREEN SEA,1432,132
0048,048 - JOLLIFF MIDDLE SCHOOL,2754,294
0049,049 - WATERWAY,3842,339
0050,050 - RIVER WALK,2423,323
0051,051 - COOPERS WAY,2722,175
0052,052 - SHIPYARD ROAD,2231,213
0053,053 - FAIRWAYS,1621,450
0054,054 - PUGHSVILLE,2482,234
0055,055 - GEORGETOWN EAST,1697,147
0056,056 - GREEN TREE,2059,276
0057,057 - CYPRESS,2275,525
0058,058 - EXPRESSWAY,924,151
0059,059 - CLEARFIELD,1266,85
0060,060 - PARKER ROAD,3006,258
0061,061 - CENTERVILLE,2001,179
0062,062 - FENTRESS,2459,202
0063,063 - POPLAR BRANCH,1635,101
# of Precincts in the Locality:,,138429,15614
0001,001 - FIRST,1806,270
0002,002 - SECOND,2000,233
0003,003 - THIRD,2234,220
0004,004 - FOURTH,2837,299
0005,005 - FIFTH,2419,109
# of Precincts in the Locality:,,11296,1131
0101,101 - PRECINCT 1-1,512,93
0201,201 - PRECINCT 2-1,694,78
0301,301 - PRECINCT 3-1,684,92
0401,401 - PRECINCT 4-1,798,65
0501,501 - PRECINCT 5-1,758,74
# of Precincts in the Locality:,,3446,402
0001,001 - WARD ONE,682,96
0002,002 - WARD TWO,933,153
0003,003 - WARD THREE,842,82
0004,004 - WARD FOUR,2988,264
0005,005 - WARD FIVE,871,129
0006,006 - WARD SIX,1070,116
0007,007 - WARD SEVEN,1790,203
0008,008 - WARD EIGHT,1358,129
0009,009 - WARD NINE,1265,124
0010,010 - WARD TEN,1635,138
0011,011 - WARD ELEVEN,2424,242
0012,012 - WARD TWELVE,2364,183
0013,013 - WARD THIRTEEN,2155,226
0014,014 - WARD FOURTEEN,397,54
0015,015 - WARD FIFTEEN,1972,216
0016,016 - WARD SIXTEEN,2172,172
0017,017 - WARD SEVENTEEN,1855,169
# of Precincts in the Locality:,,26773,2696
0101,101 - PRECINCT 1-1,608,25
0201,201 - PRECINCT 2-1,425,25
0301,301 - PRECINCT 3-1,547,38
0401,401 - PRECINCT 4-1,673,39
0501,501 - PRECINCT 5-1,429,35
0601,601 - DISTRICT 6,551,28
0701,701 - DISTRICT 7,471,36
# of Precincts in the Locality:,,3704,226
0001,001 - ONE,2219,248
0002,002 - TWO,2203,169
0003,003 - THREE,3253,351
0004,004 - FOUR,2543,243
0005,005 - FIVE,2131,152
0006,006 - SIX,2114,187
# of Precincts in the Locality:,,14463,1350
0001,001 - FIRST WARD,3000,274
0002,002 - SECOND WARD,2389,351
0003,003 - THIRD WARD,3058,324
# of Precincts in the Locality:,,8447,949
0101,101 - PRECINCT 1-1,1101,53
0201,201 - PRECINCT 2-1,951,125
0301,301 - PRECINCT 3-1,899,99
0401,401 - PRECINCT 4-1,728,96
0501,501 - PRECINCT 5-1,782,72
0601,601 - PRECINCT 6-1,924,209
# of Precincts in the Locality:,,5385,654
0101,101 - PRECINCT 1 - DISTRICT ONE,3714,652
0201,201 - PRECINCT 1 - DISTRICT TWO,3817,450
0301,301 - PRECINCT 1 - DISTRICT THREE,3347,564
0401,401 - PRECINCT 1 - DISTRICT FOUR,2081,275
0402,402 - PRECINCT 2 - DISTRICT FOUR,1355,301
# of Precincts in the Locality:,,14314,2242
0001,001 - EAST,1652,203
0002,002 - NORTH,927,128
0003,003 - SOUTH,850,76
# of Precincts in the Locality:,,3429,407
0101,101 - ABERDEEN,2388,240
0102,102 - BASSETTE,2823,266
0103,103 - CITY HALL,2122,472
0104,104 - COOPER,4146,1190
0105,105 - EAST HAMPTON,3336,1267
0106,106 - ARMSTRONG,2780,413
0107,107 - LINDSAY,2427,221
0108,108 - THOMAS,3942,762
0109,109 - PHENIX,3407,371
0110,110 - PHOEBUS,788,143
0111,111 - HAMPTON LIBRARY,1131,147
0112,112 - SMITH,3953,524
0115,115 - WYTHE,1533,228
0116,116 - JONES,1492,206
0117,117 - KECOUGHTAN,2390,531
0118,118 - MALLORY,3320,320
0201,201 - BOOKER,3082,419
0202,202 - BRYAN,2867,671
0203,203 - BURBANK,2158,688
0204,204 - FORREST,2453,409
0205,205 - ASBURY,4143,381
0208,208 - KRAFT,4200,601
0209,209 - LANGLEY,2727,487
0210,210 - MACHEN,3939,875
0212,212 - BETHEL,3929,370
0213,213 - PHILLIPS,4119,384
0214,214 - TUCKER CAPPS,3471,895
0215,215 - TYLER,1020,158
0216,216 - SANDY BOTTOM,1869,237
0217,217 - SYMS,1380,198
# of Precincts in the Locality:,,83335,14074
0101,101 - NORTHEAST,3025,405
0102,102 - EAST CENTRAL,3156,800
0103,103 - SOUTHEAST,3429,466
0104,104 - SMITHLAND,3076,337
0201,201 - NORTHWEST,3051,393
0202,202 - SOUTHWEST,2879,498
0203,203 -  THOMAS HARRISON,2655,354
# of Precincts in the Locality:,,21271,3253
0101,101 - WARD ONE,1647,303
0201,201 - WARD TWO,1589,222
0301,301 - WARD THREE,2031,205
0401,401 - WARD FOUR,2222,185
0501,501 - WARD FIVE,1701,181
0601,601 - WARD SIX,1742,258
0701,701 - WARD SEVEN,1606,224
# of Precincts in the Locality:,,12538,1578
0001,001 - LEXINGTON,3609,508
# of Precincts in the Locality:,,3609,508
0101,101 - FIRST WARD FIRST PRECINCT,3897,1023
0102,102 - FIRST WARD SECOND PRECINCT,3355,388
0103,103 - FIRST WARD THIRD PRECINCT,2489,143
0104,104 - FIRST WARD FOURTH PRECINCT,1364,351
0105,105 - FIRST WARD FIFTH PRECINCT,1557,230
0201,201 - SECOND WARD FIRST PRECINCT,3931,756
0202,202 - SECOND WARD SECOND PRECINCT,3000,481
0203,203 - SECOND WARD THIRD PRECINCT,1285,119
0204,204 - SECOND WARD FOURTH PRECINCT,955,178
0301,301 - THIRD WARD FIRST PRECINCT,1596,328
0302,302 - THIRD WARD SECOND PRECINCT,3771,2005
0303,303 - THIRD WARD THIRD PRECINCT,1823,306
0304,304 - THIRD WARD FOURTH PRECINCT,1680,288
0305,305 - THIRD WARD FIFTH PRECINCT,2834,362
0401,401 - FOURTH WARD FIRST PRECINCT,3992,447
0402,402 - FOURTH WARD SECOND PRECINCT,1573,192
0403,403 - FOURTH WARD THIRD PRECINCT,3631,716
0404,404 - FOURTH WARD FOURTH PRECINCT,3043,354
# of Precincts in the Locality:,,45776,8667
0001,001 - DEAN,4658,657
0002,002 - WEEMS,3275,357
0003,003 - METZ,3639,553
0004,004 - HAYDON,4114,484
0005,005 - BALDWIN,3809,588
# of Precincts in the Locality:,,19495,2639
0001,001 - PRECINCT ONE,3424,555
0002,002 - PRECINCT TWO,2786,388
# of Precincts in the Locality:,,6210,943
0001,001 - PRECINCT #1,883,107
0002,002 - PRECINCT #2,1635,275
0003,003 - PRECINCT #3,1167,166
0004,004 - PRECINCT #4,1867,273
0005,005 - PRECINCT #5,2140,182
0006,006 - PRECINCT #6,465,58
# of Precincts in the Locality:,,8157,1061
0101,101 - DENBIGH,3949,791
0102,102 - EPES,3937,1179
0103,103 - JENKINS,3579,739
0104,104 - MCINTOSH,2449,705
0105,105 - OYSTER POINT,864,213
0106,106 - RESERVOIR,4484,822
0107,107 - RICHNECK,3923,469
0108,108 - LEE HALL,2998,1083
0109,109 - WINDSOR,1929,399
0110,110 - GREENWOOD,3187,1094
0201,201 - BLAND,711,317
0202,202 - BOULEVARD,2477,489
0203,203 - CHARLES,3853,376
0204,204 - WELLESLEY,2170,336
0205,205 - DEEP CREEK,2726,206
0208,208 - HIDENWOOD,1696,87
0209,209 - HILTON,2263,205
0210,210 - NELSON,3997,428
0211,211 - PALMER,3061,673
0212,212 - RIVERSIDE,1452,97
0213,213 - SANFORD,1106,99
0215,215 - WARWICK,1779,246
0216,216 - YATES,1664,129
0217,217 - RIVERVIEW,2426,203
0218,218 - KILN CREEK,4135,735
0219,219 - DEER PARK,3557,1154
0302,302 - BRIARFIELD,2326,698
0303,303 - CARVER,1760,291
0304,304 - CHESTNUT,1108,223
0305,305 - DOWNTOWN,753,247
0306,306 - DUNBAR,651,238
0307,307 - HUNTINGTON,1011,223
0308,308 - JEFFERSON,1120,269
0309,309 - MAGRUDER,1106,150
0310,310 - MARSHALL,1558,236
0311,311 - NEWMARKET,2700,354
0312,312 - NEWSOME PARK,588,200
0313,313 - REED,2253,240
0314,314 - RIVER,1476,335
0315,315 - SEDGEFIELD,1892,245
0316,316 - SOUTH MORRISON,2554,518
0317,317 - WASHINGTON,656,98
0318,318 - WILSON,1193,217
0319,319 - SAUNDERS,3546,742
0320,320 - WATKINS,4195,509
# of Precincts in the Locality:,,102818,19307
0101,101 - GRANBY,3306,889
0102,102 - OCEAN VIEW SCHOOL,1502,591
0103,103 - NORTHSIDE,1870,444
0104,104 - TITUSTOWN,1424,405
0106,106 - ZION GRACE,2847,813
0201,201 - OLD DOMINION,3966,524
0203,203 - GHENT SQUARE,1141,240
0207,207 - LAMBERT'S POINT,2901,529
0208,208 - LARCHMONT LIBRARY,850,74
0210,210 - MAURY,2072,436
0211,211 - CHRYSLER MUSEUM,2423,457
0212,212 - PARK PLACE,1787,374
0213,213 - TAYLOR ELEMENTARY SCHOOL,2627,512
0214,214 - STUART,2430,460
0215,215 - SUBURBAN PARK,1945,365
0217,217 - WESLEY,2115,572
0218,218 - WILLARD,3047,406
0301,301 - BALLENTINE,2392,501
0302,302 - TANNERS CREEK,1401,329
0303,303 - BOWLING PARK,2685,476
0304,304 - COLEMAN PLACE SCHOOL,1304,221
0305,305 - LAFAYETTE-WINONA,1841,327
0306,306 - LINDENWOOD,1472,277
0309,309 - NORVIEW,4005,781
0310,310 - ROSEMONT,3418,748
0311,311 - SHERWOOD,3650,820
0313,313 - UNION CHAPEL,1134,246
0402,402 - BERKLEY,1804,282
0403,403 - BRAMBLETON,1438,174
0404,404 - CAMPOSTELLA,2130,372
0405,405 - CHESTERFIELD,2181,287
0406,406 - BARRON BLACK,1571,297
0408,408 - EASTON,2292,434
0409,409 - FAIRLAWN,1808,331
0411,411 - HUNTON Y,826,153
0412,412 - INGLESIDE,1958,290
0413,413 - POPLAR HALLS,2861,584
0414,414 - YOUNG PARK,2587,454
0415,415 - UNITED WAY,2083,417
0501,501 - BAYVIEW,2601,820
0503,503 - EAST OCEAN VIEW,2441,905
0504,504 - LARRYMORE,2018,543
0505,505 - LITTLE CREEK,1499,372
0506,506 - OCEAN VIEW CENTER,2993,1136
0507,507 - PRETLOW,2309,772
0509,509 - TARRALLTON,2431,462
0510,510 - THIRD PRESBYTERIAN,2568,403
0511,511 - CROSSROADS,2332,594
0512,512 - AZALEA GARDENS,1299,277
# of Precincts in the Locality:,,107585,23176
0001,001 - EAST WARD,2361,229
# of Precincts in the Locality:,,2361,229
0101,101 - FIRST WARD FIRST PRECINCT,2300,427
0201,201 - SECOND WARD FIRST PRECINCT,3106,326
0301,301 - THIRD WARD FIRST PRECINCT,3402,359
0401,401 - FOURTH WARD FIRST PRECINCT,2905,421
0501,501 - FIFTH WARD FIRST PRECINCT,2792,475
0601,601 - SIXTH WARD FIRST PRECINCT,2610,325
0701,701 - SEVENTH WARD FIRST PRECINCT,2768,301
# of Precincts in the Locality:,,19883,2634
0001,001 - CENTRAL,2733,211
0002,002 - EASTERN,2908,191
0003,003 - WESTERN,2882,119
# of Precincts in the Locality:,,8523,521
0001,001 - ONE,1946,447
0005,005 - FIVE,1582,213
0007,007- SEVEN,1419,218
0009,009 - NINE,1900,259
0010,010 - TEN,1143,216
0011,011 - ELEVEN,1468,138
0013,013 - THIRTEEN,1497,164
0014,014 - FOURTEEN,1926,175
0016,016 - SIXTEEN,1873,288
0017,017 - SEVENTEEN,2302,403
0019,019 - NINETEEN,1099,121
0020,020 - TWENTY,1498,162
0021,021 - TWENTY-ONE,1238,115
0022,022 - TWENTY-TWO,1661,234
0023,023 - TWENTY-THREE,1627,170
0024,024 - TWENTY-FOUR,1489,195
0025,025 - TWENTY-FIVE,1684,198
0026,026 - TWENTY-SIX,1904,103
0027,027 - TWENTY-SEVEN,1960,103
0028,028 - TWENTY EIGHT,2545,91
0029,029 - TWENTY- NINE,1179,106
0030,030 - THIRTY,1512,156
0031,031 - THIRTY-ONE,2520,403
0032,032 - THIRTY-TWO,1373,67
0033,033- THIRTY-THREE,1206,77
0034,034- THIRTY-FOUR,1593,118
0035,035 - THIRTY-FIVE,2028,179
0036,036 - THIRTY-SIX,3517,305
0037,037 - THIRTY-SEVEN,2990,390
0038,038 - THIRTY-EIGHT,3313,685
0039,039 - THIRTY-NINE,3239,368
# of Precincts in the Locality:,,58231,6867
0001,001 - EAST PRECINCT,3195,456
0002,002 - CENTRAL PRECINCT,2072,113
0003,003 - WEST PRECINCT,2332,166
# of Precincts in the Locality:,,7599,735
0101,101 - ONE HUNDRED ONE,2822,252
0102,102 - ONE HUNDRED TWO,1194,75
0104,104 - ONE HUNDRED FOUR,1857,86
0105,105 - ONE HUNDRED FIVE,1600,182
0106,106 - ONE HUNDRED SIX,1952,65
0111,111 - ONE HUNDRED ELEVEN,1573,147
0112,112 - ONE HUNDRED TWELVE,1259,114
0113,113 - ONE HUNDRED THIRTEEN,1852,374
0114,114 - ONE HUNDRED FOURTEEN,2340,377
0203,203 - TWO HUNDRED THREE,1778,178
0204,204 - TWO HUNDRED FOUR,2254,443
0206,206 - TWO HUNDRED SIX,2901,526
0207,207 - TWO HUNDRED SEVEN,2167,391
0208,208 - TWO HUNDRED EIGHT,2313,302
0213,213 - TWO HUNDRED THIRTEEN,2787,441
0301,301 - THREE HUNDRED ONE,1330,180
0302,302 - THREE HUNDRED TWO,1324,155
0303,303 - THREE HUNDRED THREE,1080,67
0304,304 - THREE HUNDRED FOUR,1633,160
0305,305 - THREE HUNDRED FIVE,1590,172
0306,306 - THREE HUNDRED SIX,1480,191
0307,307 - THREE HUNDRED SEVEN,1474,152
0308,308 - THREE HUNDRED EIGHT,1619,173
0309,309 - THREE HUNDRED NINE,1225,128
0310,310 - THREE HUNDRED TEN,1080,122
0402,402 - FOUR HUNDRED TWO,2623,175
0404,404 - FOUR HUNDRED FOUR,2364,272
0409,409 - FOUR HUNDRED NINE,2990,209
0410,410 - FOUR HUNDRED TEN,1897,227
0412,412 - FOUR HUNDRED TWELVE,1740,225
0413,413 - FOUR HUNDRED THIRTEEN,1704,115
0414,414 - FOUR HUNDRED FOURTEEN,1976,111
0501,501 - FIVE HUNDRED ONE,2257,310
0503,503 - FIVE HUNDRED THREE,2061,145
0504,504 - FIVE HUNDRED FOUR,2736,383
0505,505 - FIVE HUNDRED FIVE,1652,333
0508,508 - FIVE HUNDRED EIGHT,1065,139
0509,509 - FIVE HUNDRED NINE,1920,301
0510,510 - FIVE HUNDRED TEN,2093,209
0602,602 - SIX HUNDRED TWO,1821,134
0603,603 - SIX HUNDRED THREE,1466,175
0604,604 - SIX HUNDRED FOUR,1303,158
0606,606 - SIX HUNDRED SIX,2052,186
0607,607 - SIX HUNDRED SEVEN,1377,300
0609,609 - SIX HUNDRED NINE,1279,198
0610,610 - SIX HUNDRED TEN,1686,230
0701,701 - SEVEN HUNDRED ONE,1859,176
0702,702 - SEVEN HUNDRED TWO,1526,174
0703,703 - SEVEN HUNDRED THREE,1363,119
0705,705 - SEVEN HUNDRED FIVE,1248,157
0706,706 - SEVEN HUNDRED SIX,2440,263
0707,707 - SEVEN HUNDRED SEVEN,2660,389
0708,708 - SEVEN HUNDRED EIGHT,2018,455
0802,802 - EIGHT HUNDRED TWO,1476,149
0806,806 - EIGHT HUNDRED SIX,2344,286
0810,810 - EIGHT HUNDRED TEN,1682,158
0811,811 - EIGHT HUNDRED ELEVEN,1982,282
0812,812 - EIGHT HUNDRED TWELVE,2441,173
0814,814 - EIGHT HUNDRED FOURTEEN,1350,170
0902,902 - NINE HUNDRED TWO,892,158
0903,903 - NINE HUNDRED THREE,2055,213
0908,908 - NINE HUNDRED EIGHT,1928,490
0909,909 - NINE HUNDRED NINE,2115,255
0910,910 - NINE HUNDRED TEN,1907,215
0911,911 - NINE HUNDRED ELEVEN,1601,106
# of Precincts in the Locality:,,119433,14376
0001,001 - HIGHLAND 1,1320,501
0002,002 - HIGHLAND 2,1628,642
0005,005 - JEFFERSON 1,2315,697
0007,007 - JEFFERSON-RIVERDALE,1836,392
0008,008 - JEFFERSON 2,1211,386
0009,009 - TINKER,2692,772
0010,010 - WILLIAMSON ROAD 1,1426,243
0011,011 - WILLIAMSON ROAD 2,969,84
0012,012 - WILLIAMSON ROAD 3,1184,307
0013,013 - WILLIAMSON ROAD 4,1203,154
0014,014 - WILLIAMSON ROAD 5,1195,259
0015,015 - WILLIAMSON ROAD 6,1298,184
0016,016 - LINCOLN TERRACE,1091,230
0017,017 - MONTEREY,2142,310
0018,018 - PETERS CREEK,3469,545
0019,019 - MELROSE,1398,282
0020,020 - EUREKA PARK,1509,169
0021,021 - VILLA HEIGHTS,2590,527
0022,022 - WASHINGTON HEIGHTS,3537,563
0023,023 - WESTSIDE,1361,164
0024,024 - RALEIGH COURT 1,1727,323
0026,026 - RALEIGH COURT 2,1507,158
0027,027 - RALEIGH COURT 3,1336,229
0028,028 - RALEIGH COURT 4,1025,93
0029,029 - RALEIGH COURT 5,979,146
0030,030 - WASENA,1088,200
0031,031 - FISHBURN PARK,1313,186
0032,032 - GRANDIN COURT,1265,138
0033,033 - SOUTH ROANOKE 1,1578,184
0034,034 - SOUTH ROANOKE 2,2102,298
0035,035 - LEE-HI,2997,213
0037,037 - GARDEN CITY,2286,490
# of Precincts in the Locality:,,54577,10069
0001,001 - NORTH SALEM NO 2,1998,206
0002,002 - CONEHURST,1098,146
0003,003 - BEVERLY HEIGHTS,1034,41
0004,004 - WEST SALEM,1461,128
0005,005 - NORTH SALEM NO 1,1950,200
0006,006 - SOUTH SALEM NO 1,1177,137
0007,007 - SOUTH SALEM NO 2,1638,153
0008,008 - EAST SALEM,786,142
0009,009 - SOUTH SIDE HILLS,2103,160
0010,010 - HIDDEN VALLEY,2362,290
# of Precincts in the Locality:,,15607,1603
0101,101 - WARD NO 1,2845,394
0201,201 - WARD TWO,3347,431
0301,301 - WARD NO 3,2750,261
0401,401 - WARD NO 4,2300,239
0501,501 - WARD NO 5,2844,370
# of Precincts in the Locality:,,14086,1695
0101,101 - BELLEHARBOUR,1529,193
0102,102 - DRIVER,3907,216
0104,104 - BENNETTS CREEK,2306,216
0201,201 - EBENEZER,1790,78
0202,202 - CHUCKATUCK,1850,114
0203,203 - KINGS FORK,2703,275
0204,204 - HILLPOINT,2112,237
0301,301 - WHITE MARSH,860,73
0302,302 - JOHN F KENNEDY,3292,248
0304,304 - NANSEMOND RIVER,2532,221
0305,305 - SHOULDERS HILL,907,48
0401,401 - AIRPORT,1647,106
0402,402 - WHALEYVILLE,1623,129
0403,403 - SOUTHSIDE,1399,108
0404,404 - BOOKER T WASHINGTON,2187,175
0405,405 - PITTMANTOWN,652,41
0501,501 - KILBYS MILL,2984,191
0502,502 - HOLLAND,2650,189
0504,504 - LAKE COHOON,2588,132
0601,601 - LAKESIDE,2786,274
0602,602 - OLDE TOWNE,867,140
0603,603 - ELEPHANTS FORK/WESTHAVEN,787,56
0604,604 - WILROY,1615,141
0605,605 - HOLLYWOOD,1533,133
0702,702 - HARBOURVIEW,2241,187
0704,704 - BURBAGE GRANT,2605,259
0706,706 - HUNTERSVILLE,2475,230
# of Precincts in the Locality:,,54427,4410
0001,001 - NORTH BEACH,3428,265
0002,002 - SOUTH BEACH,3026,955
0003,003 - OCEAN LAKES,4309,573
0004,004 - LINKHORN,3373,391
0005,005 - SEATACK,3186,844
0006,006 - ALANTON,3282,191
0007,007 - KINGSTON,1893,98
0008,008 - LONDON BRIDGE,3437,502
0009,009 - TRANTWOOD,2813,124
0010,010 - GREAT NECK,3448,179
0011,011 - CAPE HENRY,3451,643
0012,012 - PLAZA,3403,437
0013,013 - MT TRASHMORE,3777,402
0014,014 - MALIBU,3135,326
0015,015 - OLD DONATION,2417,437
0016,016 - ARAGONA,3939,564
0017,017 - OCEAN PARK,2167,272
0018,018 - THOROUGHGOOD,3380,178
0019,019 - LAKE SMITH,1587,150
0020,020 - BAYSIDE,2125,173
0021,021 - DAVIS CORNER,4005,986
0022,022 - POINT O VIEW,2306,227
0023,023 - ARROWHEAD,3014,260
0024,024 - LARKSPUR,2148,321
0025,025 - AVALON,3770,362
0026,026 - FAIRFIELD,2576,154
0027,027 - EDWIN,3015,165
0028,028 - THALIA,2024,140
0029,029 - HOLLAND,3326,650
0030,030 - RED WING,3214,643
0031,031 - SIGMA,3612,235
0032,032 - CREEDS,1378,81
0033,033 - CAPPS SHOP,1509,77
0034,034 - BLACKWATER,871,53
0035,035 - COURTHOUSE,3023,162
0036,036 - WINDSOR OAKS,3808,706
0037,037 - CHESAPEAKE BEACH,2566,666
0038,038 - WITCHDUCK,3749,189
0039,039 - PEMBROKE,3513,835
0040,040 - BONNEY,2097,402
0041,041 - COLLEGE PARK,3738,536
0042,042 - BRANDON,2929,351
0043,043 - BELLAMY,2885,461
0044,044 - CENTERVILLE,3381,320
0045,045 - TIMBERLAKE,3151,344
0046,046 - GREEN RUN,2711,358
0047,047 - KINGS GRANT,3430,166
0048,048 - WOLFSNARE,3248,359
0049,049 - LYNNHAVEN,3107,313
0050,050 - OCEANA,2045,667
0051,051 - STRATFORD CHASE,2652,306
0052,052 - HOMESTEAD,3807,336
0053,053 - SHANNON,2393,235
0054,054 - CROMWELL,1929,224
0055,055 - MAGIC HOLLOW,3268,902
0056,056 - EDINBURGH,1378,70
0057,057 - SHERRY PARK,1887,196
0058,058 - GLENWOOD,2745,252
0059,059 - SHELTON PARK,2209,406
0060,060 - FOXFIRE,2874,177
0061,061 - BAKER,3015,865
0062,062 - LANDSTOWN,3199,258
0063,063 - CULVER,3653,419
0064,064 - ROSEMONT FOREST,3708,428
0065,065 - COLONIAL,2478,212
0066,066 - HUNT,2528,178
0067,067 - EASTERN SHORE,4057,801
0068,068 - MANOR,2704,173
0069,069 - SHELL,2131,342
0070,070 - CORPORATE LANDING,3546,502
0071,071 - ROUND HILL,4386,558
0072,072 - RUDEE,2718,336
0073,073 - DAHLIA,4441,733
0074,074 - BUCKNER,2571,501
0075,075 - COLONY,3114,350
0076,076 - VILLAGE,2801,729
0077,077 - BROOKWOOD,3026,495
0078,078 - INDIAN LAKES,2583,214
0079,079 - PLEASANT HALL,2533,355
0080,080 - CHIMNEY HILL,2539,479
0081,081 - ROCK LAKE,3166,379
0082,082 - SHELBURNE,2313,175
0083,083 - STRAWBRIDGE,3175,259
0084,084 - TALLWOOD,2908,525
0085,085 - UPTON,3618,256
0086,086 - HAYGOOD,2686,231
0087,087 - HILLCREST,2330,125
0088,088 - NORTH LANDING,2128,287
0089,089 - LAKE CHRISTOPHER,2798,242
0090,090 - LAKE JOYCE,1822,263
0091,091 - LEXINGTON,2823,390
0092,092 - LITTLE NECK,1900,163
0093,093 - NEWTOWN,1735,537
0094,094 - PINEWOOD,1422,286
# of Precincts in the Locality:,,269422,35043
0001,001 - WARD A,2147,182
0002,002 - WARD B,3414,238
0003,003 - WARD C,2682,229
0004,004 - WARD D,3622,203
# of Precincts in the Locality:,,11865,852
0001,001 - STRYKER,4612,903
0002,002 - BERKELEY,5013,661
# of Precincts in the Locality:,,9625,1564
0101,101 - MERRIMANS,2762,261
0102,102 - OLD TOWN,2050,264
0201,201 - VIRGINIA AVENUE,2624,585
0301,301 - WAR MEMORIAL,2419,398
0401,401 - FREDERICK DOUGLASS,1300,329
0402,402 - ROLLING HILLS,2222,301
# of Precincts in the Locality:,,13377,2138
